timestamp,cpu,memory,temperature,queue,latency,throughput,power,selected_policy,selected_node,qos,dqn_inference_ms,scheduler_decision_ms,total_frames,node1_frames,node2_frames,node3_frames,policy0_frames,policy1_frames,policy2_frames,policy3_frames
1782649904,1.25,36.51,49.31,0.00,0.00,0.00,4.85,0,node1,0.7838,0.00,0.00,0,0,0,0,0,0,0,0
1782649905,1.25,36.51,49.16,0.00,0.00,0.00,4.61,0,node1,0.7844,0.00,0.00,0,0,0,0,0,0,0,0
1782649906,1.25,36.51,49.03,0.00,0.00,0.00,4.61,0,node1,0.7849,0.00,0.00,0,0,0,0,0,0,0,0
1782649907,1.25,36.51,49.06,0.00,0.00,0.00,4.61,0,node1,0.7848,0.00,0.00,0,0,0,0,0,0,0,0
1782649908,1.25,36.51,49.06,0.00,0.00,0.00,4.61,0,node1,0.7848,0.00,0.00,0,0,0,0,0,0,0,0
1782649909,1.25,36.56,49.12,0.00,0.00,0.00,4.61,0,node1,0.7845,0.00,0.00,0,0,0,0,0,0,0,0
1782649910,1.25,36.57,49.00,0.00,0.00,0.00,4.61,0,node1,0.7850,0.00,0.00,0,0,0,0,0,0,0,0
1782649911,1.25,36.57,49.00,0.00,0.00,0.00,4.61,0,node1,0.7850,0.00,0.00,0,0,0,0,0,0,0,0
1782649912,1.25,36.57,48.88,0.00,0.00,0.00,4.61,0,node1,0.7855,0.00,0.00,0,0,0,0,0,0,0,0
1782649913,1.25,36.57,49.00,0.00,0.00,0.00,4.61,0,node1,0.7850,0.00,0.00,0,0,0,0,0,0,0,0
1782649914,1.25,36.57,49.19,0.00,0.00,0.00,4.61,0,node1,0.7843,0.00,0.00,0,0,0,0,0,0,0,0
1782649915,1.25,36.57,49.16,0.00,0.00,0.00,4.61,0,node1,0.7844,0.00,0.00,0,0,0,0,0,0,0,0
1782649916,1.25,36.57,48.97,0.00,0.00,0.00,4.61,0,node1,0.7851,0.00,0.00,0,0,0,0,0,0,0,0
1782649917,1.25,36.57,49.16,0.00,0.00,0.00,4.61,0,node1,0.7844,0.00,0.00,0,0,0,0,0,0,0,0
1782649918,1.25,36.57,49.19,0.00,0.00,0.00,4.61,0,node1,0.7843,0.00,0.00,0,0,0,0,0,0,0,0
1782649919,1.25,36.57,49.09,0.00,0.00,0.00,4.61,0,node1,0.7847,0.00,0.00,0,0,0,0,0,0,0,0
1782649920,1.25,36.57,49.28,0.00,0.00,0.00,4.69,0,node1,0.7839,0.00,0.00,0,0,0,0,0,0,0,0
1782649921,1.25,36.57,49.12,0.00,0.00,0.00,4.61,0,node1,0.7845,0.00,0.00,0,0,0,0,0,0,0,0
1782649922,1.25,36.58,49.19,0.00,0.00,0.00,4.57,0,node1,0.7843,0.00,0.00,0,0,0,0,0,0,0,0
1782649923,1.25,36.63,49.06,0.00,0.00,0.00,4.61,0,node1,0.7848,0.00,0.00,0,0,0,0,0,0,0,0
1782649924,1.25,36.63,48.78,0.00,0.00,0.00,4.61,0,node1,0.7858,0.00,0.00,0,0,0,0,0,0,0,0
1782649925,1.25,36.63,48.84,0.00,0.00,0.00,4.61,0,node1,0.7856,0.00,0.00,0,0,0,0,0,0,0,0
1782649926,1.25,36.63,48.81,0.00,0.00,0.00,4.61,0,node1,0.7857,0.00,0.00,0,0,0,0,0,0,0,0
1782649927,1.25,36.86,49.25,0.00,0.00,0.00,5.17,0,node1,0.7841,0.00,0.00,0,0,0,0,0,0,0,0
1782649928,1.25,36.86,48.94,0.00,0.00,0.00,4.65,0,node1,0.7852,0.00,0.00,0,0,0,0,0,0,0,0
1782649929,1.25,36.86,48.94,0.00,0.00,0.00,4.69,0,node1,0.7852,0.00,0.00,0,0,0,0,0,0,0,0
1782649930,1.25,38.01,49.22,3.00,0.00,0.00,5.41,2,node1,0.6642,3.58,3.71,3,3,0,0,0,1,2,0
1782649931,1.25,41.28,50.25,7.00,0.00,0.00,6.88,2,node3,0.5803,2.85,2.96,13,4,2,7,1,1,11,0
1782649932,1.25,41.97,50.22,7.00,0.00,0.00,7.07,2,node3,0.5804,2.85,2.96,13,4,2,7,1,1,11,0
1782649933,1.26,48.45,49.91,7.00,0.00,0.00,7.27,2,node3,0.5816,2.85,2.96,13,4,2,7,1,1,11,0
1782649934,1.26,52.38,49.31,0.00,2412.00,1.40,5.84,2,node3,0.5432,3.41,3.52,16,5,2,9,1,1,14,0
1782649935,1.26,52.36,49.16,0.00,1966.41,1.80,4.81,2,node3,0.5464,4.65,4.78,18,5,2,11,1,1,16,0
1782649936,1.26,52.37,49.38,0.00,1514.50,1.00,4.73,0,node1,0.5403,3.50,3.54,19,6,2,11,2,1,16,0
1782649937,1.26,52.43,49.69,0.00,1898.60,0.60,5.09,2,node2,0.5364,3.41,3.56,22,6,3,13,2,1,19,0
1782649938,1.26,52.49,49.19,0.00,1450.74,2.80,5.21,2,node3,0.5530,3.91,4.00,25,7,4,14,3,2,20,0
1782649939,1.26,52.51,49.25,0.00,1307.67,2.00,5.37,1,node3,0.5474,3.33,3.37,30,7,4,19,3,3,24,0
1782649940,1.26,52.53,49.31,2.00,1185.00,2.00,4.81,2,node3,0.4672,3.74,3.83,32,7,4,21,3,3,26,0
1782649941,1.26,52.53,49.06,0.00,1074.20,2.00,4.69,2,node3,0.5481,3.74,3.83,32,7,4,21,3,3,26,0
1782649942,1.26,52.53,49.06,0.00,1074.20,1.60,4.65,2,node3,0.5454,3.74,3.83,32,7,4,21,3,3,26,0
1782649943,1.26,52.53,49.19,0.00,1074.20,1.40,4.65,2,node3,0.5436,3.74,3.83,32,7,4,21,3,3,26,0
1782649944,1.26,52.53,49.12,0.00,1074.20,0.60,4.65,2,node3,0.5385,3.74,3.83,32,7,4,21,3,3,26,0
1782649945,1.26,52.53,49.12,0.00,1074.20,0.20,4.65,2,node3,0.5359,3.74,3.83,32,7,4,21,3,3,26,0
1782649946,1.26,52.53,49.19,0.00,1074.20,0.00,4.65,2,node3,0.5343,3.74,3.83,32,7,4,21,3,3,26,0
1782649947,1.26,52.53,49.09,0.00,1074.20,0.00,4.65,2,node3,0.5347,3.74,3.83,32,7,4,21,3,3,26,0
1782649948,1.26,52.53,48.97,0.00,1074.20,0.00,4.65,2,node3,0.5351,3.74,3.83,32,7,4,21,3,3,26,0
1782649949,1.26,52.53,49.03,0.00,1074.20,0.00,4.65,2,node3,0.5349,3.74,3.83,32,7,4,21,3,3,26,0
1782649950,1.26,52.53,49.41,0.00,1074.20,0.00,4.65,2,node3,0.5335,3.74,3.83,32,7,4,21,3,3,26,0
1782649951,1.26,52.53,49.12,0.00,1074.20,0.00,4.65,2,node3,0.5345,3.74,3.83,32,7,4,21,3,3,26,0
1782649952,1.26,52.53,49.38,0.00,1074.20,0.00,4.65,2,node3,0.5336,3.74,3.83,32,7,4,21,3,3,26,0
1782649953,1.26,52.53,49.38,0.00,1074.20,0.00,4.65,2,node3,0.5336,3.74,3.83,32,7,4,21,3,3,26,0
1782649954,1.26,52.56,49.31,0.00,1074.20,0.00,4.65,2,node3,0.5338,3.74,3.83,32,7,4,21,3,3,26,0
1782649955,1.26,52.56,49.44,0.00,1074.20,0.00,4.65,2,node3,0.5334,3.74,3.83,32,7,4,21,3,3,26,0
1782649956,1.26,52.56,49.38,0.00,1074.20,0.00,4.65,2,node3,0.5336,3.74,3.83,32,7,4,21,3,3,26,0
1782649957,1.26,52.56,49.38,0.00,1074.20,0.00,4.65,2,node3,0.5336,3.74,3.83,32,7,4,21,3,3,26,0
1782649958,1.26,52.56,49.44,0.00,1074.20,0.00,4.65,2,node3,0.5334,3.74,3.83,32,7,4,21,3,3,26,0
1782649959,1.26,52.59,49.09,0.00,1124.00,0.20,4.69,2,node1,0.5360,3.81,3.94,33,8,4,21,3,3,27,0
1782649960,1.26,52.74,49.97,0.00,1407.48,0.40,7.38,2,node2,0.5340,4.10,4.21,85,18,10,57,10,8,67,0
1782649961,1.26,52.90,49.97,9.00,451.11,3.80,8.45,2,node1,0.3567,3.32,3.43,121,35,29,57,12,8,101,0
1782649962,1.26,52.90,49.72,2.00,927.75,4.60,8.53,2,node2,0.4830,3.16,3.27,128,38,33,57,12,8,108,0
1782649963,1.26,52.90,49.50,0.00,480.26,7.20,5.76,2,node3,0.5811,3.29,3.37,131,38,33,60,12,8,111,0
1782649964,1.26,52.90,49.44,0.00,439.84,7.80,5.01,2,node3,0.5854,3.29,3.37,131,38,33,60,12,8,111,0
1782649965,1.26,52.90,49.31,0.00,439.84,7.80,4.69,2,node3,0.5859,3.29,3.37,131,38,33,60,12,8,111,0
1782649966,1.26,52.90,49.25,0.00,439.84,4.80,4.65,2,node3,0.5661,3.29,3.37,131,38,33,60,12,8,111,0
1782649967,1.26,52.90,49.22,0.00,439.84,2.00,4.65,2,node3,0.5476,3.29,3.37,131,38,33,60,12,8,111,0
1782649968,1.26,52.90,49.38,0.00,439.84,0.60,4.65,2,node3,0.5376,3.29,3.37,131,38,33,60,12,8,111,0
1782649969,1.26,52.90,49.28,0.00,439.84,0.00,4.65,2,node3,0.5340,3.29,3.37,131,38,33,60,12,8,111,0
1782649970,1.26,52.90,49.22,0.00,439.84,0.00,4.65,2,node3,0.5342,3.29,3.37,131,38,33,60,12,8,111,0
1782649971,1.26,52.90,49.38,0.00,373.80,0.00,4.65,2,node1,0.5337,3.65,3.78,134,41,33,60,12,8,114,0
1782649972,1.26,52.91,49.28,0.00,439.84,0.00,4.85,2,node3,0.5340,4.82,4.96,146,43,33,70,13,9,124,0
1782649973,1.26,52.99,49.44,0.00,325.12,2.00,5.60,2,node3,0.5471,2.65,2.73,176,47,33,96,13,9,154,0
1782649974,1.27,53.01,49.66,0.00,229.92,2.00,6.60,2,node1,0.5484,4.02,4.12,177,48,33,96,13,9,155,0
1782649975,1.27,52.98,49.66,2.00,216.74,8.00,5.96,2,node3,0.5091,2.72,2.83,183,48,33,102,13,9,161,0
1782649976,1.27,52.97,49.50,1.00,216.74,8.40,4.81,2,node3,0.5524,3.08,3.23,187,48,33,106,13,9,165,0
1782649977,1.27,53.00,49.34,0.00,195.17,9.20,4.77,2,node3,0.6001,3.08,3.23,187,48,33,106,13,9,165,0
1782649978,1.27,53.00,49.25,0.00,195.17,7.20,4.65,2,node3,0.5871,3.08,3.23,187,48,33,106,13,9,165,0
1782649979,1.27,53.01,49.56,0.00,212.83,0.40,5.41,2,node1,0.5391,4.00,4.10,195,50,33,112,13,9,173,0
1782649980,1.27,53.01,49.28,0.00,167.21,2.20,4.85,2,node3,0.5574,3.35,3.44,196,50,33,113,13,9,174,0
1782649981,1.27,53.01,49.19,0.00,167.21,2.00,4.65,2,node3,0.5565,3.65,3.80,200,50,33,117,13,9,178,0
1782649982,1.27,52.98,49.22,0.00,152.59,2.20,4.81,2,node3,0.5607,3.65,3.80,200,50,33,117,13,9,178,0
1782649983,1.27,52.99,49.25,0.00,142.13,3.00,4.97,2,node3,0.5686,3.61,3.70,204,50,33,121,13,9,182,0
1782649984,1.27,52.98,49.25,0.00,142.13,1.80,4.69,2,node3,0.5606,3.36,3.46,209,50,33,126,13,9,187,0
1782649985,1.27,52.97,49.22,0.00,129.62,2.80,4.85,2,node3,0.5716,3.02,3.10,210,50,33,127,13,9,188,0
1782649986,1.27,52.98,49.53,0.00,197.94,0.20,4.97,1,node1,0.5391,3.08,3.12,214,51,33,130,13,10,191,0
1782649987,1.27,53.07,49.56,0.00,117.50,3.40,5.60,2,node3,0.5794,3.95,4.05,218,51,33,134,13,10,195,0
1782649988,1.27,53.01,49.34,0.00,117.50,2.60,4.81,2,node3,0.5749,3.91,4.02,221,51,33,137,13,10,198,0
1782649989,1.27,53.00,49.41,0.00,106.85,3.60,4.81,2,node3,0.5870,3.61,3.71,223,51,33,139,13,10,200,0
1782649990,1.27,53.00,49.38,0.00,100.17,3.60,5.29,2,node3,0.5913,3.88,3.97,229,51,33,145,13,10,206,0
1782649991,1.27,53.00,49.38,0.00,100.17,3.20,4.85,2,node3,0.5886,3.88,3.97,229,51,33,145,13,10,206,0
1782649992,1.27,53.01,49.50,0.00,94.45,4.00,5.29,2,node3,0.5976,3.09,3.23,234,51,33,150,13,10,211,0
1782649993,1.27,53.01,49.28,0.00,94.45,3.20,4.73,2,node3,0.5931,3.19,3.65,239,51,34,154,13,11,215,0
1782649994,1.27,53.01,49.38,0.00,87.40,3.00,5.05,2,node3,0.5971,3.19,3.65,239,51,34,154,13,11,215,0
1782649995,1.27,53.01,49.28,0.00,87.40,2.80,4.69,2,node3,0.5961,3.28,3.42,245,51,34,160,13,12,220,0
1782649996,1.27,53.02,49.25,0.00,77.07,3.00,4.85,2,node3,0.6076,3.28,3.42,245,51,34,160,13,12,220,0
1782649997,1.27,53.03,49.50,0.00,74.86,2.80,5.72,2,node3,0.6077,3.11,3.21,250,52,34,164,14,12,224,0
1782649998,1.27,53.03,49.34,0.00,74.86,2.80,4.73,2,node3,0.6083,3.03,3.12,255,52,34,169,14,12,229,0
1782649999,1.27,53.07,49.25,0.00,72.88,3.00,4.81,2,node3,0.6123,3.03,3.12,255,52,34,169,14,12,229,0
1782650000,1.27,53.08,49.34,0.00,69.09,4.00,5.17,2,node3,0.6232,3.27,3.37,261,52,34,175,14,12,235,0
1782650001,1.27,53.08,49.34,0.00,69.09,3.00,4.69,2,node3,0.6165,3.91,4.02,268,52,34,182,14,12,242,0
1782650002,1.27,53.08,49.28,0.00,64.88,3.60,4.93,2,node3,0.6262,3.91,4.02,268,52,34,182,14,12,242,0
1782650003,1.27,53.08,49.47,2.00,59.69,4.40,5.48,2,node3,0.5583,3.70,3.82,274,52,34,188,14,12,248,0
1782650004,1.27,53.08,49.44,0.00,59.69,3.80,4.77,2,node3,0.6345,3.70,3.82,274,52,34,188,14,12,248,0
1782650005,1.27,53.08,49.28,0.00,59.69,2.60,4.65,2,node3,0.6270,3.70,3.82,274,52,34,188,14,12,248,0
1782650006,1.27,53.08,49.31,0.00,59.69,2.60,4.65,2,node3,0.6269,3.70,3.82,274,52,34,188,14,12,248,0
1782650007,1.27,53.08,49.28,0.00,59.69,1.20,4.65,2,node3,0.6177,3.70,3.82,274,52,34,188,14,12,248,0
1782650008,1.27,53.08,49.25,0.00,59.69,0.20,4.65,2,node3,0.6112,3.70,3.82,274,52,34,188,14,12,248,0
1782650009,1.27,53.08,49.12,0.00,59.69,0.00,4.65,2,node3,0.6103,3.70,3.82,274,52,34,188,14,12,248,0
1782650010,1.27,53.08,49.19,0.00,59.69,0.00,4.65,2,node3,0.6101,3.70,3.82,274,52,34,188,14,12,248,0
1782650011,1.27,53.08,49.34,0.00,59.69,0.00,4.65,2,node3,0.6095,3.70,3.82,274,52,34,188,14,12,248,0
1782650012,1.27,53.08,49.47,0.00,59.69,0.00,4.65,2,node3,0.6090,3.70,3.82,274,52,34,188,14,12,248,0
1782650013,1.27,53.08,49.47,0.00,59.69,0.00,4.65,2,node3,0.6090,3.70,3.82,274,52,34,188,14,12,248,0
1782650014,1.27,53.08,49.50,0.00,59.69,0.00,4.65,2,node3,0.6089,3.70,3.82,274,52,34,188,14,12,248,0
1782650015,1.27,53.14,49.38,0.00,59.69,0.00,4.65,2,node3,0.6094,3.70,3.82,274,52,34,188,14,12,248,0
1782650016,1.27,53.11,49.38,0.00,59.69,0.00,4.65,2,node3,0.6094,3.70,3.82,274,52,34,188,14,12,248,0
1782650017,1.27,53.11,49.41,0.00,59.69,0.00,4.65,2,node3,0.6092,3.70,3.82,274,52,34,188,14,12,248,0
1782650018,1.27,53.11,49.41,0.00,59.69,0.00,4.65,2,node3,0.6092,3.70,3.82,274,52,34,188,14,12,248,0
1782650019,1.27,53.11,49.50,0.00,59.69,0.00,4.65,2,node3,0.6089,3.70,3.82,274,52,34,188,14,12,248,0
1782650020,1.27,53.11,49.41,0.00,59.69,0.00,4.65,2,node3,0.6092,3.70,3.82,274,52,34,188,14,12,248,0
1782650021,1.27,53.11,49.31,0.00,59.69,0.00,4.65,2,node3,0.6096,3.70,3.82,274,52,34,188,14,12,248,0
1782650022,1.27,53.11,49.34,0.00,59.69,0.00,4.65,2,node3,0.6095,3.70,3.82,274,52,34,188,14,12,248,0
1782650023,1.27,53.11,49.41,0.00,59.69,0.00,4.65,2,node3,0.6092,3.70,3.82,274,52,34,188,14,12,248,0
1782650024,1.27,53.11,49.25,0.00,59.69,0.00,4.65,2,node3,0.6098,3.70,3.82,274,52,34,188,14,12,248,0
1782650025,1.27,53.11,49.19,0.00,59.69,0.00,4.65,2,node3,0.6101,3.70,3.82,274,52,34,188,14,12,248,0
1782650026,1.27,53.11,49.06,0.00,59.69,0.00,4.65,2,node3,0.6105,3.70,3.82,274,52,34,188,14,12,248,0
1782650027,1.27,53.16,49.03,0.00,59.69,0.00,4.65,2,node3,0.6106,3.91,3.99,275,52,34,189,14,12,249,0
1782650028,1.27,53.13,49.19,0.00,61.32,0.20,4.77,2,node3,0.6090,3.91,3.99,275,52,34,189,14,12,249,0
1782650029,1.27,53.13,49.66,1.00,186.05,0.00,5.48,0,node1,0.4986,3.94,4.01,282,53,34,195,15,12,255,0
1782650030,1.27,53.12,49.41,0.00,176.24,0.20,4.81,0,node1,0.5422,3.94,4.01,282,53,34,195,15,12,255,0
1782650031,1.27,53.14,49.25,9.00,37.56,3.20,6.04,2,node3,0.4733,3.44,3.56,300,53,34,213,15,12,273,0
1782650032,1.27,53.14,49.19,1.00,37.56,5.00,5.17,2,node3,0.6456,3.90,4.07,319,54,34,231,15,13,291,0
1782650033,1.28,53.22,49.62,2.00,141.04,1.80,7.42,2,node1,0.4795,6.80,6.93,341,63,35,243,16,14,311,0
1782650034,1.28,53.21,49.50,0.00,141.04,2.00,6.84,2,node1,0.5613,3.44,3.51,384,76,35,273,16,14,354,0
1782650035,1.28,53.16,50.06,12.00,18.03,14.40,7.42,2,node3,0.6013,3.41,3.51,390,76,35,279,16,14,360,0
1782650036,1.28,53.18,49.88,33.00,16.56,15.80,6.76,2,node3,0.6166,3.73,3.83,430,77,35,318,17,15,398,0
1782650037,1.28,53.19,50.16,14.00,16.56,18.00,7.34,2,node3,0.6302,3.34,3.44,461,96,35,330,17,15,429,0
1782650038,1.28,53.18,49.97,10.00,13.89,17.80,7.38,2,node3,0.6394,3.34,3.44,461,96,35,330,17,15,429,0
1782650039,1.28,53.17,49.88,0.00,68.47,8.20,6.36,0,node1,0.6499,2.72,2.78,470,104,35,331,25,15,430,0
1782650040,1.28,53.17,49.66,0.00,68.47,5.60,4.77,0,node1,0.6334,2.72,2.78,470,104,35,331,25,15,430,0
1782650041,1.28,53.12,49.88,5.00,56.97,6.20,5.56,0,node1,0.4531,4.24,4.28,479,113,35,331,34,15,430,0
1782650042,1.28,53.11,49.72,0.00,57.57,6.20,4.85,0,node1,0.6527,4.24,4.28,479,113,35,331,34,15,430,0
1782650043,1.28,53.11,49.66,0.00,57.57,3.40,4.65,0,node1,0.6343,3.27,3.33,483,117,35,331,38,15,430,0
1782650044,1.28,53.12,49.66,0.00,50.57,3.60,5.09,0,node1,0.6475,3.76,3.83,488,122,35,331,43,15,430,0
1782650045,1.28,53.12,49.66,0.00,50.57,3.60,4.69,0,node1,0.6475,3.76,3.83,488,122,35,331,43,15,430,0
1782650046,1.28,53.12,49.69,0.00,43.22,4.40,5.48,0,node1,0.6671,3.48,3.53,497,131,35,331,52,15,430,0
1782650047,1.28,53.12,49.69,0.00,43.22,3.60,4.73,0,node1,0.6617,3.48,3.53,497,131,35,331,52,15,430,0
1782650048,1.28,53.09,49.84,0.00,39.30,4.80,5.37,0,node1,0.6778,4.42,4.52,503,137,35,331,58,15,430,0
1782650049,1.28,53.09,49.75,0.00,39.30,3.00,4.69,0,node1,0.6661,4.42,4.52,503,137,35,331,58,15,430,0
1782650050,1.28,53.09,49.66,0.00,39.30,3.00,4.65,0,node1,0.6665,6.76,7.38,513,147,35,331,68,15,430,0
1782650051,1.29,53.13,49.59,0.00,40.50,4.20,5.25,0,node1,0.6720,6.76,7.38,513,147,35,331,68,15,430,0
1782650052,1.29,53.13,49.59,0.00,40.50,3.20,4.69,0,node1,0.6653,6.76,7.38,513,147,35,331,68,15,430,0
1782650053,1.29,53.14,49.75,3.00,39.75,3.80,5.72,0,node1,0.5504,3.56,3.61,522,156,35,331,77,15,430,0
1782650054,1.29,53.14,49.59,0.00,39.75,3.80,4.77,0,node1,0.6710,3.56,3.61,522,156,35,331,77,15,430,0
1782650055,1.29,53.14,49.56,0.00,39.75,3.80,4.65,0,node1,0.6711,3.89,3.96,523,157,35,331,78,15,430,0
1782650056,1.29,53.11,49.56,0.00,43.07,2.00,4.69,0,node1,0.6519,3.89,3.96,523,157,35,331,78,15,430,0
1782650057,1.29,53.11,49.50,0.00,43.07,2.00,4.65,0,node1,0.6521,3.89,3.96,523,157,35,331,78,15,430,0
1782650058,1.29,53.12,49.72,4.00,42.39,1.00,5.29,0,node1,0.4861,3.55,3.60,540,174,35,331,94,16,430,0
1782650059,1.29,53.12,49.59,0.00,39.53,3.60,5.41,0,node1,0.6702,3.55,3.60,540,174,35,331,94,16,430,0
1782650060,1.29,53.12,49.66,0.00,39.53,3.60,4.69,0,node1,0.6699,3.59,3.68,542,176,35,331,96,16,430,0
1782650061,1.29,53.11,49.69,0.00,33.45,5.20,5.41,0,node1,0.6951,3.73,3.79,549,183,35,331,103,16,430,0
1782650062,1.29,53.11,49.59,0.00,33.45,5.20,4.69,0,node1,0.6955,3.73,3.79,549,183,35,331,103,16,430,0
1782650063,1.29,53.11,49.66,0.00,31.58,5.80,5.17,0,node1,0.7041,3.64,3.72,556,190,35,331,110,16,430,0
1782650064,1.29,53.11,49.59,0.00,31.58,3.20,4.69,0,node1,0.6870,3.64,3.72,556,190,35,331,110,16,430,0
1782650065,1.29,53.11,49.62,0.00,29.12,3.80,5.01,0,node1,0.6976,3.38,3.49,559,193,35,331,113,16,430,0
1782650066,1.29,53.11,49.50,0.00,29.12,2.00,4.69,0,node1,0.6861,3.38,3.49,559,193,35,331,113,16,430,0
1782650067,1.29,53.11,49.66,1.00,29.12,2.00,4.85,0,node1,0.6455,3.40,3.46,571,205,35,331,125,16,430,0
1782650068,1.29,53.05,49.44,0.00,26.16,4.00,5.84,0,node1,0.7082,3.21,3.29,577,210,36,331,130,17,430,0
1782650069,1.29,53.05,49.66,0.00,26.16,4.00,4.73,0,node1,0.7074,3.21,3.29,577,210,36,331,130,17,430,0
1782650070,1.29,53.05,49.72,0.00,24.42,5.40,5.52,0,node1,0.7217,3.89,3.95,587,220,36,331,140,17,430,0
1782650071,1.29,53.05,49.66,0.00,24.42,5.40,4.73,0,node1,0.7220,3.89,3.95,587,220,36,331,140,17,430,0
1782650072,1.29,53.05,49.53,1.00,25.68,6.80,5.92,0,node1,0.6879,3.19,3.26,597,230,36,331,150,17,430,0
1782650073,1.29,53.05,49.34,0.00,25.68,4.00,4.77,0,node1,0.7100,3.19,3.26,597,230,36,331,150,17,430,0
1782650074,1.29,53.12,49.41,0.00,26.07,5.60,5.44,0,node1,0.7192,3.06,3.13,606,238,36,332,157,18,431,0
1782650075,1.29,53.12,49.34,0.00,26.07,3.60,4.73,2,node1,0.7061,3.71,3.80,608,240,36,332,157,18,433,0
1782650076,1.29,53.11,49.38,0.00,21.09,5.80,5.17,2,node1,0.7362,2.94,3.06,617,249,36,332,158,18,441,0
1782650077,1.29,53.11,49.31,0.00,21.09,3.80,4.69,2,node1,0.7231,2.94,3.06,617,249,36,332,158,18,441,0
1782650078,1.29,53.13,49.41,0.00,22.44,6.00,5.33,2,node1,0.7331,3.77,3.94,628,260,36,332,158,18,452,0
1782650079,1.29,53.13,49.34,0.00,22.44,5.20,4.85,2,node1,0.7280,3.77,3.94,628,260,36,332,158,18,452,0
1782650080,1.29,53.13,49.62,0.00,22.44,4.40,4.65,2,node1,0.7216,3.26,3.36,640,272,36,332,158,18,464,0
1782650081,1.29,53.16,49.72,0.00,25.17,4.80,5.80,2,node1,0.7154,3.26,3.36,640,272,36,332,158,18,464,0
1782650082,1.29,53.16,49.66,0.00,25.17,4.60,4.73,2,node1,0.7143,3.26,3.36,640,272,36,332,158,18,464,0
1782650083,1.29,53.16,49.62,0.00,25.17,3.20,4.65,2,node1,0.7051,3.46,3.57,649,281,36,332,158,18,473,0
1782650084,1.29,53.11,49.78,0.00,22.95,4.20,5.13,2,node1,0.7180,3.46,3.57,649,281,36,332,158,18,473,0
1782650085,1.29,53.08,49.69,0.00,22.95,4.20,4.69,2,node1,0.7184,3.46,3.57,649,281,36,332,158,18,473,0
1782650086,1.29,53.07,49.94,7.00,25.33,2.60,5.52,2,node1,0.4994,2.86,2.95,660,292,36,332,158,18,484,0
1782650087,1.29,53.12,49.69,0.00,25.33,4.00,4.89,2,node1,0.7097,2.86,2.95,660,292,36,332,158,18,484,0
1782650088,1.29,53.12,49.81,0.00,25.33,4.00,4.65,2,node1,0.7092,2.86,2.95,660,292,36,332,158,18,484,0
1782650089,1.29,53.11,49.97,5.00,25.44,3.40,5.76,2,node1,0.5043,4.69,4.78,671,303,36,332,159,19,493,0
1782650090,1.29,53.10,49.81,0.00,25.44,4.40,4.85,2,node1,0.7116,4.69,4.78,671,303,36,332,159,19,493,0
1782650091,1.29,53.10,49.75,0.00,25.44,3.20,4.65,2,node1,0.7038,4.69,4.78,671,303,36,332,159,19,493,0
1782650092,1.30,53.10,50.09,1.00,23.21,4.20,6.04,2,node1,0.6761,4.67,5.06,682,314,36,332,159,19,504,0
1782650093,1.30,53.10,49.81,0.00,23.21,4.40,4.77,2,node1,0.7185,4.67,5.06,682,314,36,332,159,19,504,0
1782650094,1.30,53.10,49.81,0.00,23.21,3.00,4.65,2,node1,0.7091,3.14,3.24,690,322,36,332,159,19,512,0
1782650095,1.30,53.10,49.81,0.00,25.42,4.40,5.44,2,node1,0.7117,2.54,2.63,693,325,36,332,159,19,515,0
1782650096,1.30,53.10,49.75,0.00,25.42,4.40,4.73,2,node1,0.7119,2.54,2.63,693,325,36,332,159,19,515,0
1782650097,1.30,53.09,49.78,0.00,25.42,2.20,4.65,2,node1,0.6971,2.54,2.63,693,325,36,332,159,19,515,0
1782650098,1.30,53.09,49.75,0.00,25.42,2.20,4.65,2,node1,0.6972,2.54,2.63,693,325,36,332,159,19,515,0
1782650099,1.30,53.09,49.50,0.00,25.42,2.20,4.65,2,node1,0.6982,2.54,2.63,693,325,36,332,159,19,515,0
1782650100,1.30,53.09,49.47,0.00,25.42,0.00,4.65,2,node1,0.6836,2.54,2.63,693,325,36,332,159,19,515,0
1782650101,1.30,53.09,49.50,0.00,25.42,0.00,4.65,2,node1,0.6835,2.54,2.63,693,325,36,332,159,19,515,0
1782650102,1.30,53.09,49.50,0.00,25.42,0.00,4.65,2,node1,0.6835,2.54,2.63,693,325,36,332,159,19,515,0
1782650103,1.30,53.09,49.31,0.00,25.42,0.00,4.65,2,node1,0.6842,2.54,2.63,693,325,36,332,159,19,515,0
1782650104,1.30,53.09,49.34,0.00,25.42,0.00,4.65,2,node1,0.6841,2.54,2.63,693,325,36,332,159,19,515,0
1782650105,1.30,53.09,49.38,0.00,25.42,0.00,4.65,2,node1,0.6840,2.54,2.63,693,325,36,332,159,19,515,0
1782650106,1.30,53.09,49.41,0.00,25.42,0.00,4.65,2,node1,0.6838,2.54,2.63,693,325,36,332,159,19,515,0
1782650107,1.30,53.09,49.31,0.00,25.42,0.00,4.65,2,node1,0.6842,2.54,2.63,693,325,36,332,159,19,515,0
1782650108,1.30,53.09,49.38,0.00,25.42,0.00,5.05,2,node1,0.6840,2.54,2.63,693,325,36,332,159,19,515,0
1782650109,1.30,53.09,49.69,0.00,25.42,0.00,4.77,2,node1,0.6828,2.54,2.63,693,325,36,332,159,19,515,0
1782650110,1.30,53.09,49.53,0.00,25.42,0.00,4.65,2,node1,0.6834,2.54,2.63,693,325,36,332,159,19,515,0
1782650111,1.30,53.09,49.38,0.00,25.42,0.00,4.65,2,node1,0.6840,2.54,2.63,693,325,36,332,159,19,515,0
1782650112,1.30,53.09,49.72,0.00,25.42,0.00,4.65,2,node1,0.6827,2.54,2.63,693,325,36,332,159,19,515,0
1782650113,1.30,53.09,49.78,0.00,25.42,0.00,4.65,2,node1,0.6824,2.54,2.63,693,325,36,332,159,19,515,0
1782650114,1.30,53.09,49.69,0.00,25.42,0.00,4.65,2,node1,0.6828,2.54,2.63,693,325,36,332,159,19,515,0
1782650115,1.30,53.09,49.84,0.00,25.42,0.00,4.65,2,node1,0.6822,2.54,2.63,693,325,36,332,159,19,515,0
1782650116,1.30,53.09,49.69,0.00,25.42,0.00,4.65,2,node1,0.6828,2.54,2.63,693,325,36,332,159,19,515,0
1782650117,1.30,53.09,49.84,0.00,25.42,0.00,4.65,2,node1,0.6822,2.54,2.63,693,325,36,332,159,19,515,0
1782650118,1.30,53.09,49.81,0.00,25.42,0.00,4.65,2,node1,0.6823,2.54,2.63,693,325,36,332,159,19,515,0
1782650119,1.30,53.09,49.72,0.00,25.42,0.00,4.65,2,node1,0.6827,2.54,2.63,693,325,36,332,159,19,515,0
1782650120,1.30,53.09,49.78,0.00,25.42,0.00,4.65,2,node1,0.6824,2.54,2.63,693,325,36,332,159,19,515,0
1782650121,1.30,53.09,49.50,0.00,25.42,0.00,4.65,2,node1,0.6835,2.54,2.63,693,325,36,332,159,19,515,0
1782650122,1.30,53.09,49.78,0.00,25.42,0.00,4.65,2,node1,0.6824,2.54,2.63,693,325,36,332,159,19,515,0
1782650123,1.30,53.09,49.47,0.00,25.42,0.00,4.65,2,node1,0.6836,2.54,2.63,693,325,36,332,159,19,515,0
1782650124,1.30,53.09,49.69,0.00,25.42,0.00,4.65,2,node1,0.6828,2.54,2.63,693,325,36,332,159,19,515,0
1782650125,1.30,53.09,49.53,0.00,25.42,0.00,4.65,2,node1,0.6834,2.54,2.63,693,325,36,332,159,19,515,0
1782650126,1.30,53.09,49.47,0.00,25.42,0.00,4.65,2,node1,0.6836,2.54,2.63,693,325,36,332,159,19,515,0
1782650127,1.30,53.09,49.50,0.00,25.42,0.00,4.65,2,node1,0.6835,2.54,2.63,693,325,36,332,159,19,515,0
1782650128,1.30,53.09,49.44,0.00,25.42,0.00,4.65,2,node1,0.6837,2.54,2.63,693,325,36,332,159,19,515,0
1782650129,1.30,53.06,49.41,0.00,25.42,0.00,4.65,2,node1,0.6838,2.54,2.63,693,325,36,332,159,19,515,0
1782650130,1.30,53.06,49.44,0.00,25.42,0.00,4.65,2,node1,0.6837,2.54,2.63,693,325,36,332,159,19,515,0
1782650131,1.30,53.06,49.34,0.00,25.42,0.00,4.65,2,node1,0.6841,2.54,2.63,693,325,36,332,159,19,515,0
1782650132,1.30,53.06,49.22,0.00,25.42,0.00,4.65,2,node1,0.6846,2.54,2.63,693,325,36,332,159,19,515,0
1782650133,1.30,53.06,49.28,0.00,25.42,0.00,4.65,2,node1,0.6843,2.54,2.63,693,325,36,332,159,19,515,0
1782650134,1.30,53.06,49.25,0.00,25.42,0.00,4.65,2,node1,0.6844,2.54,2.63,693,325,36,332,159,19,515,0
1782650135,1.30,53.06,49.28,0.00,25.42,0.00,4.65,2,node1,0.6843,2.54,2.63,693,325,36,332,159,19,515,0
1782650136,1.30,53.06,49.31,0.00,25.42,0.00,4.65,2,node1,0.6842,2.54,2.63,693,325,36,332,159,19,515,0
1782650137,1.30,53.06,49.28,0.00,25.42,0.00,4.65,2,node1,0.6843,2.54,2.63,693,325,36,332,159,19,515,0
1782650138,1.30,53.06,49.34,0.00,25.42,0.00,4.65,2,node1,0.6841,2.54,2.63,693,325,36,332,159,19,515,0
1782650139,1.30,53.06,49.28,0.00,25.42,0.00,4.65,2,node1,0.6843,2.54,2.63,693,325,36,332,159,19,515,0
1782650140,1.30,53.06,49.12,0.00,25.42,0.00,4.65,2,node1,0.6849,2.54,2.63,693,325,36,332,159,19,515,0
1782650141,1.30,53.06,49.19,0.00,25.42,0.00,4.65,2,node1,0.6847,2.54,2.63,693,325,36,332,159,19,515,0
1782650142,1.30,53.06,49.19,0.00,25.42,0.00,4.65,2,node1,0.6847,2.54,2.63,693,325,36,332,159,19,515,0
1782650143,1.30,53.06,49.19,0.00,25.42,0.00,4.65,2,node1,0.6847,2.54,2.63,693,325,36,332,159,19,515,0
1782650144,1.30,53.06,49.19,0.00,25.42,0.00,4.65,2,node1,0.6847,2.54,2.63,693,325,36,332,159,19,515,0
1782650145,1.30,53.06,49.22,0.00,25.42,0.00,4.65,2,node1,0.6846,2.54,2.63,693,325,36,332,159,19,515,0
1782650146,1.30,53.06,49.19,0.00,25.42,0.00,4.65,2,node1,0.6847,2.54,2.63,693,325,36,332,159,19,515,0
1782650147,1.30,53.06,49.12,0.00,25.42,0.00,4.65,2,node1,0.6849,2.54,2.63,693,325,36,332,159,19,515,0
1782650148,1.30,53.01,49.09,0.00,25.42,0.00,4.65,2,node1,0.6850,2.54,2.63,693,325,36,332,159,19,515,0
1782650149,1.30,53.02,49.50,0.00,25.42,0.00,4.65,2,node1,0.6835,2.54,2.63,693,325,36,332,159,19,515,0
1782650150,1.30,53.02,49.31,0.00,25.42,0.00,4.65,2,node1,0.6842,2.54,2.63,693,325,36,332,159,19,515,0
1782650151,1.30,53.02,49.50,0.00,25.42,0.00,4.65,2,node1,0.6835,2.54,2.63,693,325,36,332,159,19,515,0
1782650152,1.30,53.02,49.38,0.00,25.42,0.00,4.65,2,node1,0.6840,2.54,2.63,693,325,36,332,159,19,515,0
1782650153,1.30,53.02,49.44,0.00,25.42,0.00,4.65,2,node1,0.6837,2.54,2.63,693,325,36,332,159,19,515,0
1782650154,1.30,53.02,49.38,0.00,25.42,0.00,4.65,2,node1,0.6840,2.54,2.63,693,325,36,332,159,19,515,0
1782650155,1.30,53.02,49.50,0.00,25.42,0.00,4.65,2,node1,0.6835,2.54,2.63,693,325,36,332,159,19,515,0
1782650156,1.30,53.02,49.44,0.00,25.42,0.00,4.65,2,node1,0.6837,2.54,2.63,693,325,36,332,159,19,515,0
1782650157,1.30,53.02,49.41,0.00,25.42,0.00,4.65,2,node1,0.6838,2.54,2.63,693,325,36,332,159,19,515,0
1782650158,1.30,53.02,49.22,0.00,25.42,0.00,4.65,2,node1,0.6846,2.54,2.63,693,325,36,332,159,19,515,0
1782650159,1.30,53.02,49.44,0.00,25.42,0.00,4.65,2,node1,0.6837,2.54,2.63,693,325,36,332,159,19,515,0
1782650160,1.30,53.02,49.28,0.00,25.42,0.00,4.65,2,node1,0.6843,2.54,2.63,693,325,36,332,159,19,515,0
1782650161,1.30,53.02,49.16,0.00,25.42,0.00,4.65,2,node1,0.6848,2.54,2.63,693,325,36,332,159,19,515,0
1782650162,1.30,52.99,49.16,0.00,25.42,0.00,4.61,2,node1,0.6848,2.54,2.63,693,325,36,332,159,19,515,0
1782650163,1.30,52.97,49.47,0.00,25.42,0.00,4.65,2,node1,0.6836,2.54,2.63,693,325,36,332,159,19,515,0
1782650164,1.30,52.97,49.22,0.00,25.42,0.00,4.65,2,node1,0.6846,2.54,2.63,693,325,36,332,159,19,515,0
1782650165,1.30,52.97,49.16,0.00,25.42,0.00,4.65,2,node1,0.6848,2.54,2.63,693,325,36,332,159,19,515,0
1782650166,1.30,52.97,49.19,0.00,25.42,0.00,4.65,2,node1,0.6847,2.54,2.63,693,325,36,332,159,19,515,0
1782650167,1.30,52.97,49.06,0.00,25.42,0.00,4.65,2,node1,0.6851,2.54,2.63,693,325,36,332,159,19,515,0
1782650168,1.30,53.14,49.50,0.00,25.42,0.00,5.60,2,node1,0.6835,2.54,2.63,693,325,36,332,159,19,515,0
1782650169,1.30,52.95,49.16,0.00,25.42,0.00,5.13,2,node1,0.6848,2.54,2.63,693,325,36,332,159,19,515,0
1782650170,1.30,52.95,49.16,0.00,25.42,0.00,4.77,2,node1,0.6848,2.54,2.63,693,325,36,332,159,19,515,0
1782650171,1.30,52.95,49.06,0.00,25.42,0.00,4.65,2,node1,0.6851,2.54,2.63,693,325,36,332,159,19,515,0
1782650172,1.30,52.95,49.19,0.00,25.42,0.00,4.61,2,node1,0.6847,2.54,2.63,693,325,36,332,159,19,515,0
1782650173,1.30,52.95,49.09,0.00,25.42,0.00,4.61,2,node1,0.6850,2.54,2.63,693,325,36,332,159,19,515,0
1782650174,1.30,52.95,49.00,0.00,25.42,0.00,4.61,2,node1,0.6854,2.54,2.63,693,325,36,332,159,19,515,0
1782650175,1.30,52.95,48.97,0.00,25.42,0.00,4.65,2,node1,0.6855,2.54,2.63,693,325,36,332,159,19,515,0
1782650176,1.30,52.95,48.97,0.00,25.42,0.00,4.61,2,node1,0.6855,2.54,2.63,693,325,36,332,159,19,515,0
1782650177,1.30,52.95,48.94,0.00,25.42,0.00,4.61,2,node1,0.6856,2.54,2.63,693,325,36,332,159,19,515,0
1782650178,1.30,52.95,49.00,0.00,25.42,0.00,4.61,2,node1,0.6854,2.54,2.63,693,325,36,332,159,19,515,0
1782650179,1.30,52.98,49.38,0.00,25.42,0.00,4.65,2,node1,0.6840,2.54,2.63,693,325,36,332,159,19,515,0
1782650180,1.30,52.98,49.31,0.00,25.42,0.00,4.61,2,node1,0.6842,2.54,2.63,693,325,36,332,159,19,515,0
1782650181,1.30,52.98,49.34,0.00,25.42,0.00,4.61,2,node1,0.6841,2.54,2.63,693,325,36,332,159,19,515,0
1782650182,1.30,52.98,49.38,0.00,25.42,0.00,4.61,2,node1,0.6840,2.54,2.63,693,325,36,332,159,19,515,0
1782650183,1.30,52.98,49.34,0.00,25.42,0.00,4.61,2,node1,0.6841,2.54,2.63,693,325,36,332,159,19,515,0
1782650184,1.30,52.98,49.38,0.00,25.42,0.00,4.61,2,node1,0.6840,2.54,2.63,693,325,36,332,159,19,515,0
1782650185,1.30,52.98,49.31,0.00,25.42,0.00,4.61,2,node1,0.6842,2.54,2.63,693,325,36,332,159,19,515,0
1782650186,1.30,52.98,49.31,0.00,25.42,0.00,4.61,2,node1,0.6842,2.54,2.63,693,325,36,332,159,19,515,0
1782650187,1.30,52.98,49.41,0.00,25.42,0.00,4.61,2,node1,0.6838,2.54,2.63,693,325,36,332,159,19,515,0
1782650188,1.30,52.98,49.03,0.00,25.42,0.00,4.61,2,node1,0.6853,2.54,2.63,693,325,36,332,159,19,515,0
1782650189,1.30,53.01,49.16,0.00,25.42,0.00,4.61,2,node1,0.6848,2.54,2.63,693,325,36,332,159,19,515,0
1782650190,1.30,53.01,49.00,0.00,25.42,0.00,4.61,2,node1,0.6854,2.54,2.63,693,325,36,332,159,19,515,0
1782650191,1.30,53.01,49.00,0.00,25.42,0.00,4.61,2,node1,0.6854,2.54,2.63,693,325,36,332,159,19,515,0
1782650192,1.30,53.01,48.91,0.00,25.42,0.00,4.61,2,node1,0.6857,2.54,2.63,693,325,36,332,159,19,515,0
1782650193,1.30,52.95,49.12,0.00,29.53,0.20,4.81,2,node3,0.6744,3.81,3.93,694,325,36,333,159,19,516,0
1782650194,1.30,52.95,49.09,0.00,29.53,0.20,4.65,2,node3,0.6745,3.81,3.93,694,325,36,333,159,19,516,0
1782650195,1.30,52.95,49.00,0.00,25.42,0.00,4.65,2,node1,0.6854,3.44,3.55,696,327,36,333,159,19,518,0
1782650196,1.30,53.15,49.12,0.00,20.42,3.40,6.08,2,node1,0.7234,3.24,3.32,711,342,36,333,159,19,533,0
1782650197,1.30,53.15,49.31,1.00,19.09,3.80,5.25,2,node1,0.6898,3.11,3.22,716,347,36,333,160,19,537,0
1782650198,1.30,53.25,49.84,16.00,27.77,1.40,7.38,2,node3,0.4846,3.20,3.34,756,364,36,356,160,19,577,0
1782650199,1.30,53.32,49.50,6.00,22.77,8.60,6.68,2,node1,0.5490,3.00,3.06,768,376,36,356,160,19,589,0
1782650200,1.30,53.31,49.50,0.00,37.04,4.80,6.12,2,node3,0.6843,3.11,3.44,769,376,36,357,160,19,590,0
1782650201,1.30,53.31,49.19,0.00,24.69,8.20,4.77,2,node1,0.7415,3.48,3.59,772,379,36,357,160,19,593,0
1782650202,1.30,53.31,49.72,0.00,37.04,4.80,6.24,2,node3,0.6835,5.11,5.24,814,410,36,368,161,19,634,0
1782650203,1.30,53.31,49.81,0.00,35.17,7.00,7.22,2,node3,0.7023,3.43,3.52,817,410,36,371,161,19,637,0
1782650204,1.31,53.39,50.09,0.00,41.66,4.40,7.22,2,node3,0.6689,3.56,3.67,857,431,37,389,162,20,675,0
1782650205,1.31,53.41,49.88,0.00,18.45,11.00,6.90,2,node1,0.7779,4.94,5.10,869,440,37,392,163,20,686,0
1782650206,1.31,53.41,49.72,0.00,22.00,12.80,5.21,2,node1,0.7786,4.94,5.10,869,440,37,392,163,20,686,0
1782650207,1.31,53.41,49.62,0.00,22.00,10.20,4.69,2,node1,0.7617,4.60,5.20,876,447,37,392,163,20,693,0
1782650208,1.31,53.49,49.81,5.00,25.68,8.80,7.26,2,node1,0.5402,3.33,3.44,916,466,37,413,164,21,731,0
1782650209,1.31,53.46,49.81,0.00,24.29,9.00,6.56,2,node1,0.7457,3.72,3.84,917,467,37,413,164,21,732,0
1782650210,1.31,53.48,49.97,0.00,28.61,8.20,6.72,2,node1,0.7271,4.10,4.22,956,485,37,434,165,21,770,0
1782650211,1.31,53.45,50.16,1.00,28.17,10.00,7.22,2,node1,0.6997,3.84,3.95,962,491,37,434,165,21,776,0
1782650212,1.31,53.43,49.50,0.00,33.77,8.80,5.21,2,node3,0.7190,3.78,3.92,966,493,37,436,165,21,780,0
1782650213,1.31,53.43,49.44,0.00,33.77,7.00,4.69,2,node3,0.7073,3.78,3.92,966,493,37,436,165,21,780,0
1782650214,1.31,53.47,50.06,1.00,36.09,5.60,5.96,2,node1,0.6498,3.74,3.83,996,505,38,453,165,23,808,0
1782650215,1.32,53.48,50.22,1.00,28.72,6.60,7.54,2,node3,0.6752,3.96,4.07,1010,515,38,457,165,23,822,0
1782650216,1.32,53.50,50.00,0.00,28.72,4.60,6.00,2,node3,0.7027,3.71,3.83,1032,522,38,472,165,23,844,0
1782650217,1.32,53.56,49.97,5.00,39.11,7.00,7.18,2,node1,0.4924,3.93,4.12,1055,533,38,484,165,23,867,0
1782650218,1.32,53.55,50.06,0.00,22.40,9.80,5.64,2,node3,0.7561,3.74,3.83,1067,533,38,496,165,24,878,0
1782650219,1.32,53.56,50.50,8.00,17.92,11.80,7.46,2,node3,0.5827,3.71,3.84,1100,551,38,511,165,24,911,0
1782650220,1.32,53.63,50.28,1.00,23.93,11.40,6.52,2,node3,0.7211,3.84,3.93,1105,552,38,515,165,25,915,0
1782650221,1.32,53.62,50.53,0.00,39.17,7.80,7.50,2,node1,0.6955,4.05,4.14,1147,561,38,548,166,25,956,0
1782650222,1.32,53.60,50.12,0.00,39.17,6.40,5.88,2,node1,0.6877,4.05,4.14,1147,561,38,548,166,25,956,0
1782650223,1.32,53.59,50.41,0.00,39.17,5.60,6.08,2,node1,0.6813,3.07,3.16,1169,565,38,566,166,25,978,0
1782650224,1.32,53.61,50.38,4.00,23.65,7.20,6.94,2,node1,0.5736,3.79,4.43,1186,582,38,566,166,25,995,0
1782650225,1.33,53.60,50.19,3.00,33.52,10.60,5.64,2,node3,0.6091,3.59,3.67,1193,583,38,572,167,25,1001,0
1782650226,1.33,53.63,50.47,1.00,39.39,9.80,7.58,2,node3,0.6685,4.18,4.30,1230,610,39,581,167,27,1036,0
1782650227,1.33,53.61,50.09,0.00,24.07,9.80,6.76,2,node1,0.7507,3.55,3.67,1232,612,39,581,167,27,1038,0
1782650228,1.33,53.63,50.69,0.00,39.39,6.40,6.12,2,node3,0.6850,2.98,3.06,1273,628,39,606,167,27,1079,0
1782650229,1.33,53.66,50.78,5.00,28.80,7.20,7.78,2,node3,0.5169,2.98,3.06,1273,628,39,606,167,27,1079,0
1782650230,1.33,53.67,50.09,1.00,22.08,9.20,5.17,2,node1,0.7130,3.09,3.29,1296,651,39,606,167,27,1102,0
1782650231,1.33,53.65,50.50,3.00,34.17,7.60,7.18,2,node3,0.5863,3.45,3.54,1309,655,39,615,169,27,1113,0
1782650232,1.33,53.65,50.50,0.00,34.17,6.80,5.29,2,node3,0.7009,3.45,3.54,1309,655,39,615,169,27,1113,0
1782650233,1.33,53.65,50.31,0.00,34.17,6.80,5.64,2,node3,0.7016,3.53,3.86,1330,663,39,628,169,27,1134,0
1782650234,1.33,53.62,50.50,8.00,18.53,8.20,7.07,2,node1,0.5566,3.17,3.27,1346,677,39,630,169,27,1150,0
1782650235,1.33,53.62,50.31,0.00,18.53,9.60,5.05,2,node1,0.7667,4.30,4.40,1363,694,39,630,170,27,1166,0
1782650236,1.34,53.60,50.72,5.00,18.13,9.40,6.99,0,node1,0.5652,3.22,3.28,1386,704,40,642,171,29,1186,0
1782650237,1.34,53.61,50.41,0.00,27.37,10.00,5.68,2,node1,0.7410,3.58,3.69,1389,707,40,642,171,29,1189,0
1782650238,1.34,53.60,50.47,4.00,30.67,6.80,6.88,2,node3,0.5502,3.07,3.22,1408,715,40,653,172,29,1207,0
1782650239,1.34,53.60,50.41,0.00,30.67,4.60,4.93,2,node3,0.6958,3.07,3.22,1408,715,40,653,172,29,1207,0
1782650240,1.34,53.64,50.41,2.00,25.37,7.80,4.97,2,node1,0.6523,3.31,3.43,1421,728,40,653,172,29,1220,0
1782650241,1.34,53.66,50.47,0.00,25.68,6.80,5.25,2,node1,0.7244,3.31,3.43,1421,728,40,653,172,29,1220,0
1782650242,1.34,53.66,50.28,0.00,25.68,4.60,4.69,2,node1,0.7104,3.31,3.43,1421,728,40,653,172,29,1220,0
1782650243,1.34,53.67,50.41,0.00,28.50,4.00,5.60,2,node1,0.6978,3.75,3.88,1428,735,40,653,172,29,1227,0
1782650244,1.34,53.67,49.97,0.00,28.50,4.00,4.73,2,node1,0.6994,3.75,3.88,1428,735,40,653,172,29,1227,0
1782650245,1.34,53.67,50.34,0.00,28.50,3.60,4.65,2,node1,0.6953,3.75,3.88,1428,735,40,653,172,29,1227,0
1782650246,1.34,53.69,50.44,1.00,30.67,0.00,5.80,2,node3,0.6250,4.41,4.55,1446,748,40,658,173,29,1244,0
1782650247,1.34,53.68,50.47,0.00,35.13,4.40,6.00,2,node1,0.6826,3.82,3.94,1457,750,40,667,174,29,1254,0
1782650248,1.34,53.68,50.19,0.00,35.13,3.00,4.81,2,node1,0.6744,2.86,2.97,1465,756,40,669,175,29,1261,0
1782650249,1.34,53.68,50.50,0.00,26.29,5.80,5.68,2,node1,0.7158,3.75,3.90,1473,764,40,669,175,29,1269,0
1782650250,1.34,53.68,50.03,0.00,26.29,5.80,4.73,2,node1,0.7176,3.75,3.90,1473,764,40,669,175,29,1269,0
1782650251,1.34,53.71,50.62,1.00,25.89,3.20,5.76,2,node3,0.6592,3.37,3.47,1490,779,40,671,175,30,1285,0
1782650252,1.34,53.71,50.47,0.00,31.20,0.80,5.17,2,node3,0.6688,3.37,3.47,1490,779,40,671,175,30,1285,0
1782650253,1.34,53.71,50.34,0.00,31.20,0.60,4.69,2,node3,0.6679,3.37,3.47,1490,779,40,671,175,30,1285,0
1782650254,1.34,53.69,50.28,7.00,17.98,4.80,6.04,2,node1,0.5367,3.34,3.45,1506,795,40,671,176,30,1300,0
1782650255,1.34,53.69,50.19,0.00,17.98,6.20,5.64,2,node1,0.7464,3.34,3.45,1506,795,40,671,176,30,1300,0
1782650256,1.34,53.69,50.12,0.00,17.98,6.20,4.73,2,node1,0.7466,3.65,3.74,1508,797,40,671,176,30,1302,0
1782650257,1.34,53.73,50.25,7.00,18.79,4.80,5.96,2,node1,0.5340,3.34,3.43,1521,810,40,671,176,30,1315,0
1782650258,1.34,53.73,50.25,0.00,18.79,6.20,4.93,2,node1,0.7433,3.34,3.43,1521,810,40,671,176,30,1315,0
1782650259,1.34,53.73,50.09,0.00,18.79,5.80,4.69,2,node1,0.7412,3.92,4.04,1539,828,40,671,176,30,1333,0
1782650260,1.34,53.75,50.31,2.00,13.06,6.20,6.12,2,node1,0.6839,3.92,4.04,1539,828,40,671,176,30,1333,0
1782650261,1.35,53.96,50.09,0.00,13.06,6.60,4.85,2,node1,0.7674,3.92,4.04,1539,828,40,671,176,30,1333,0
1782650262,1.35,53.97,50.38,4.00,18.60,5.00,5.25,2,node1,0.5755,3.23,3.32,1555,844,40,671,176,30,1349,0
1782650263,1.35,53.99,50.38,0.00,15.05,6.80,5.41,2,node1,0.7602,3.23,3.32,1555,844,40,671,176,30,1349,0
1782650264,1.35,53.99,50.19,0.00,15.05,6.80,4.73,2,node1,0.7609,3.23,3.32,1555,844,40,671,176,30,1349,0
1782650265,1.35,53.99,50.16,0.00,20.54,3.80,4.97,2,node1,0.7218,3.48,3.59,1557,846,40,671,176,30,1351,0
1782650266,1.35,53.99,50.16,0.00,20.54,3.60,4.69,2,node1,0.7204,3.48,3.59,1557,846,40,671,176,30,1351,0
1782650267,1.35,54.00,50.41,2.00,25.89,3.20,4.97,2,node1,0.6200,3.80,3.89,1560,849,40,671,176,30,1354,0
1782650268,1.35,54.00,50.19,0.00,31.40,1.00,4.73,2,node1,0.6706,3.80,3.89,1560,849,40,671,176,30,1354,0
1782650269,1.35,54.00,50.06,0.00,31.40,1.00,4.65,2,node1,0.6711,3.80,3.89,1560,849,40,671,176,30,1354,0
1782650270,1.35,53.98,50.47,0.00,31.86,1.00,6.08,2,node1,0.6684,3.41,3.52,1593,869,40,684,176,30,1387,0
1782650271,1.35,54.07,50.69,0.00,35.96,3.20,6.99,2,node3,0.6718,3.63,3.75,1604,877,40,687,176,30,1398,0
1782650272,1.35,54.04,50.44,0.00,35.96,3.20,5.09,2,node3,0.6727,3.63,3.75,1604,877,40,687,176,30,1398,0
1782650273,1.35,54.06,50.38,8.00,24.80,7.60,6.12,2,node1,0.5328,3.25,3.33,1622,895,40,687,176,31,1415,0
1782650274,1.35,54.06,50.16,0.00,24.80,9.20,5.01,2,node1,0.7443,3.25,3.33,1622,895,40,687,176,31,1415,0
1782650275,1.35,54.06,50.12,0.00,24.80,8.80,4.69,2,node1,0.7417,3.25,3.33,1622,895,40,687,176,31,1415,0
1782650276,1.35,54.08,50.53,8.00,31.79,7.20,6.32,2,node1,0.5096,3.09,3.18,1642,914,41,687,176,32,1434,0
1782650277,1.35,54.07,50.19,0.00,31.79,7.40,5.01,2,node1,0.7123,3.09,3.18,1642,914,41,687,176,32,1434,0
1782650278,1.35,54.08,50.69,0.00,35.96,0.00,5.09,2,node3,0.6505,3.77,3.89,1653,920,41,692,176,32,1445,0
1782650279,1.35,54.06,50.50,0.00,28.12,2.40,5.52,2,node3,0.6878,4.12,4.26,1660,920,41,699,176,32,1452,0
1782650280,1.35,54.06,50.47,0.00,28.12,2.40,4.73,2,node3,0.6880,4.12,4.26,1660,920,41,699,176,32,1452,0
1782650281,1.35,54.07,50.47,0.00,28.12,2.40,4.65,2,node3,0.6880,4.12,4.26,1660,920,41,699,176,32,1452,0
1782650282,1.35,54.07,50.41,0.00,31.40,2.80,4.73,2,node3,0.6818,4.04,4.17,1662,920,41,701,176,32,1454,0
1782650283,1.35,54.07,50.47,0.00,31.40,2.80,4.69,2,node3,0.6816,4.04,4.17,1662,920,41,701,176,32,1454,0
1782650284,1.35,54.07,50.50,0.00,31.40,1.00,4.65,2,node3,0.6694,3.70,4.06,1663,920,41,702,176,32,1455,0
1782650285,1.35,54.10,50.88,19.00,25.91,1.60,5.92,2,node3,0.4875,3.45,3.54,1688,920,41,727,176,32,1480,0
1782650286,1.35,54.10,50.84,1.00,23.92,5.40,6.40,2,node3,0.6790,3.45,3.54,1688,920,41,727,176,32,1480,0
1782650287,1.35,54.10,50.50,0.00,23.92,5.20,4.81,2,node3,0.7190,3.38,3.49,1689,920,41,728,176,32,1481,0
1782650288,1.35,54.12,50.75,10.00,21.22,7.00,6.00,2,node3,0.5387,3.09,3.21,1707,920,41,746,176,32,1499,0
1782650289,1.35,54.20,51.00,0.00,21.22,9.00,5.72,2,node3,0.7510,3.09,3.21,1707,920,41,746,176,32,1499,0
1782650290,1.35,54.20,50.62,0.00,21.22,7.40,4.77,2,node3,0.7418,3.09,3.21,1707,920,41,746,176,32,1499,0
1782650291,1.36,54.16,50.75,0.00,38.72,0.20,6.08,2,node1,0.6450,3.83,3.96,1725,924,41,760,177,33,1515,0
1782650292,1.36,54.27,50.66,0.00,36.55,0.80,5.09,2,node1,0.6545,3.83,3.96,1725,924,41,760,177,33,1515,0
1782650293,1.36,54.28,50.34,0.00,36.55,0.80,4.69,2,node1,0.6557,3.83,3.96,1725,924,41,760,177,33,1515,0
1782650294,1.36,54.28,50.69,0.00,26.54,3.20,5.05,2,node3,0.6971,3.82,3.91,1746,924,41,781,177,33,1536,0
1782650295,1.36,54.29,50.41,10.00,20.71,6.80,6.40,2,node3,0.5403,3.09,3.21,1755,924,41,790,177,33,1545,0
1782650296,1.36,54.28,50.16,0.00,20.71,7.20,5.13,2,node3,0.7439,3.09,3.21,1755,924,41,790,177,33,1545,0
1782650297,1.36,54.28,50.19,0.00,20.71,6.00,4.69,2,node3,0.7358,3.84,3.95,1773,925,42,806,177,35,1561,0
1782650298,1.36,54.26,50.41,0.00,22.25,9.20,5.96,2,node3,0.7513,3.84,3.95,1773,925,42,806,177,35,1561,0
1782650299,1.36,54.26,50.22,0.00,22.25,8.80,4.77,2,node3,0.7493,3.84,3.95,1773,925,42,806,177,35,1561,0
1782650300,1.36,54.26,50.84,0.00,40.39,0.20,5.52,2,node1,0.6409,3.23,3.33,1792,934,42,816,178,37,1577,0
1782650301,1.36,54.22,50.47,0.00,38.15,2.00,5.41,2,node1,0.6594,3.23,3.33,1792,934,42,816,178,37,1577,0
1782650302,1.36,54.26,50.28,0.00,38.15,2.00,4.73,2,node1,0.6601,3.23,3.33,1792,934,42,816,178,37,1577,0
1782650303,1.36,54.27,50.22,0.00,322.01,0.20,4.81,1,node2,0.5322,3.83,3.89,1794,934,43,817,178,38,1578,0
1782650304,1.36,54.27,50.16,0.00,322.01,0.20,4.69,1,node2,0.5324,3.83,3.89,1794,934,43,817,178,38,1578,0
1782650305,1.36,54.27,50.22,0.00,32.73,1.40,4.65,2,node3,0.6697,3.61,3.71,1795,934,43,818,178,38,1579,0
1782650306,1.36,54.26,50.44,0.00,38.41,1.00,6.32,2,node3,0.6522,3.85,3.99,1825,958,43,824,180,38,1607,0
1782650307,1.36,54.27,50.41,0.00,33.51,2.80,6.16,2,node3,0.6763,3.33,3.47,1831,958,43,830,180,38,1613,0
1782650308,1.36,54.27,50.25,0.00,33.51,2.60,4.77,2,node3,0.6756,3.33,3.47,1831,958,43,830,180,38,1613,0
1782650309,1.36,54.26,50.62,0.00,35.76,3.40,6.56,2,node3,0.6739,3.53,3.67,1850,973,43,834,180,39,1631,0
1782650310,1.36,54.26,50.38,0.00,35.76,3.40,4.81,2,node3,0.6748,3.53,3.67,1850,973,43,834,180,39,1631,0
1782650311,1.36,54.26,50.47,0.00,35.76,2.40,4.65,2,node3,0.6678,3.53,3.67,1850,973,43,834,180,39,1631,0
1782650312,1.36,54.29,50.31,5.00,25.34,6.00,6.12,2,node1,0.5207,3.52,3.62,1870,993,43,834,180,39,1651,0
1782650313,1.36,54.29,50.19,0.00,25.34,7.00,4.93,2,node1,0.7278,3.52,3.62,1870,993,43,834,180,39,1651,0
1782650314,1.36,54.29,50.09,0.00,25.34,5.60,4.73,2,node1,0.7188,3.53,3.64,1873,996,43,834,180,39,1654,0
1782650315,1.36,54.29,50.38,9.00,20.27,6.20,6.16,2,node1,0.5379,3.37,3.48,1890,1013,43,834,180,39,1671,0
1782650316,1.36,54.28,50.25,0.00,20.27,8.00,5.05,2,node1,0.7503,3.37,3.48,1890,1013,43,834,180,39,1671,0
1782650317,1.36,54.28,50.12,0.00,20.27,6.60,4.69,2,node1,0.7415,3.37,3.48,1890,1013,43,834,180,39,1671,0
1782650318,1.37,54.26,50.34,13.00,17.11,5.80,6.04,2,node1,0.5462,4.49,4.58,1912,1035,43,834,181,40,1691,0
1782650319,1.37,54.24,50.16,0.00,17.11,8.40,5.29,2,node1,0.7642,4.49,4.58,1912,1035,43,834,181,40,1691,0
1782650320,1.37,54.24,50.09,0.00,17.11,5.80,4.69,2,node1,0.7471,4.49,4.58,1912,1035,43,834,181,40,1691,0
1782650321,1.37,54.23,50.41,5.00,18.87,6.20,6.00,2,node1,0.5425,3.58,3.69,1926,1049,43,834,182,40,1704,0
1782650322,1.37,54.39,50.00,0.00,18.87,7.20,4.93,2,node1,0.7507,3.58,3.69,1926,1049,43,834,182,40,1704,0
1782650323,1.37,54.39,50.22,0.00,18.87,5.00,4.69,2,node1,0.7352,3.58,3.69,1926,1049,43,834,182,40,1704,0
1782650324,1.37,54.39,50.19,2.00,28.67,3.40,5.37,2,node1,0.6141,3.45,3.76,1950,1073,43,834,182,40,1728,0
1782650325,1.37,54.36,50.28,5.00,20.25,7.20,6.32,2,node1,0.5449,3.52,3.68,1953,1076,43,834,182,40,1731,0
1782650326,1.37,54.35,50.12,0.00,20.25,6.00,4.89,2,node1,0.7375,3.52,3.68,1953,1076,43,834,182,40,1731,0
1782650327,1.37,54.35,50.03,0.00,20.25,5.40,4.69,2,node1,0.7339,3.35,3.48,1964,1086,44,834,182,41,1741,0
1782650328,1.37,54.29,50.62,0.00,35.98,0.60,6.44,2,node3,0.6546,3.40,4.35,1973,1092,44,837,182,41,1750,0
1782650329,1.37,54.29,50.38,0.00,35.98,0.60,4.81,2,node3,0.6556,3.40,4.35,1973,1092,44,837,182,41,1750,0
1782650330,1.37,54.28,50.53,0.00,35.98,0.60,4.69,2,node3,0.6550,3.40,4.35,1973,1092,44,837,182,41,1750,0
1782650331,1.37,54.31,50.47,14.00,16.20,4.80,5.92,2,node1,0.5423,3.03,3.11,1995,1114,44,837,183,41,1771,0
1782650332,1.37,54.30,50.25,0.00,16.20,7.60,5.41,2,node1,0.7618,3.03,3.11,1995,1114,44,837,183,41,1771,0
1782650333,1.37,54.36,50.28,0.00,16.20,4.40,4.73,2,node1,0.7404,3.03,3.11,1995,1114,44,837,183,41,1771,0
1782650334,1.37,54.39,50.69,0.00,35.98,0.00,5.72,2,node3,0.6504,3.53,3.67,2016,1131,44,841,183,41,1792,0
1782650335,1.37,54.40,50.44,0.00,38.28,0.80,5.37,2,node3,0.6512,3.53,3.67,2016,1131,44,841,183,41,1792,0
1782650336,1.37,54.40,50.31,0.00,38.28,0.80,4.73,2,node3,0.6517,3.53,3.67,2016,1131,44,841,183,41,1792,0
1782650337,1.37,54.40,50.41,0.00,38.28,0.80,4.65,2,node3,0.6513,3.53,3.67,2016,1131,44,841,183,41,1792,0
1782650338,1.37,54.38,50.50,13.00,18.22,4.80,6.12,2,node1,0.5350,3.25,3.38,2037,1151,44,842,183,42,1812,0
1782650339,1.37,54.37,50.47,0.00,18.22,6.00,5.37,2,node1,0.7432,3.25,3.38,2037,1151,44,842,183,42,1812,0
1782650340,1.37,54.38,50.22,0.00,18.22,4.00,4.73,2,node1,0.7308,3.25,3.38,2037,1151,44,842,183,42,1812,0
1782650341,1.37,54.38,50.19,0.00,18.22,4.00,4.65,2,node1,0.7309,3.25,3.38,2037,1151,44,842,183,42,1812,0
1782650342,1.37,54.40,50.47,14.00,24.76,5.60,6.00,2,node1,0.5192,3.17,3.26,2059,1173,44,842,183,42,1834,0
1782650343,1.37,54.45,50.53,4.00,24.76,7.60,6.20,2,node1,0.5723,3.17,3.26,2059,1173,44,842,183,42,1834,0
1782650344,1.37,54.42,50.31,0.00,24.76,4.80,4.89,2,node1,0.7144,3.17,3.26,2059,1173,44,842,183,42,1834,0
1782650345,1.37,54.42,50.25,0.00,24.76,4.40,4.69,2,node1,0.7120,3.17,3.26,2059,1173,44,842,183,42,1834,0
1782650346,1.37,54.42,50.28,1.00,24.76,4.40,4.89,2,node1,0.6719,3.36,3.44,2060,1174,44,842,183,42,1835,0
1782650347,1.37,54.42,50.19,0.00,31.28,4.40,4.69,2,node1,0.6936,3.36,3.44,2060,1174,44,842,183,42,1835,0
1782650348,1.37,54.42,50.22,0.00,31.28,0.80,4.65,2,node1,0.6695,3.36,3.44,2060,1174,44,842,183,42,1835,0
1782650349,1.37,54.57,50.62,0.00,31.28,0.20,4.93,2,node1,0.6640,3.51,3.62,2062,1176,44,842,184,42,1836,0
1782650350,1.38,54.38,50.62,0.00,42.35,1.40,6.68,2,node1,0.6454,3.99,4.09,2097,1186,44,867,186,43,1868,0
1782650351,1.38,54.39,50.53,0.00,39.44,3.20,7.02,2,node1,0.6642,4.17,4.28,2101,1190,44,867,186,43,1872,0
1782650352,1.38,54.39,50.34,0.00,39.44,3.20,4.85,2,node1,0.6649,4.17,4.28,2101,1190,44,867,186,43,1872,0
1782650353,1.38,54.50,50.25,0.00,27.00,5.00,4.69,2,node3,0.7093,3.75,4.06,2105,1190,44,871,186,43,1876,0
1782650354,1.38,54.48,50.88,3.00,46.74,4.00,6.92,2,node1,0.5328,3.72,3.88,2123,1197,45,881,186,44,1893,0
1782650355,1.38,54.48,50.41,0.00,50.36,3.40,4.93,2,node1,0.6437,3.72,3.88,2123,1197,45,881,186,44,1893,0
1782650356,1.38,54.48,50.31,0.00,50.36,1.40,4.69,2,node1,0.6307,3.72,3.88,2123,1197,45,881,186,44,1893,0
1782650357,1.38,54.50,50.53,0.00,50.36,1.40,5.60,2,node1,0.6299,3.46,3.56,2145,1205,45,895,186,44,1915,0
1782650358,1.38,54.51,50.44,0.00,43.64,3.00,5.48,2,node1,0.6540,3.46,3.56,2145,1205,45,895,186,44,1915,0
1782650359,1.38,54.50,50.47,0.00,43.64,1.80,4.73,2,node1,0.6459,3.46,3.56,2145,1205,45,895,186,44,1915,0
1782650360,1.38,54.50,50.34,0.00,43.64,1.60,4.65,2,node1,0.6451,3.46,3.56,2145,1205,45,895,186,44,1915,0
1782650361,1.38,54.51,50.59,0.00,47.48,1.80,5.84,2,node1,0.6378,4.16,4.26,2164,1211,45,908,187,44,1933,0
1782650362,1.38,54.51,50.44,0.00,46.61,2.80,5.21,2,node1,0.6467,4.16,4.26,2164,1211,45,908,187,44,1933,0
1782650363,1.38,54.59,50.44,0.00,46.61,1.20,4.69,2,node1,0.6360,4.16,4.26,2164,1211,45,908,187,44,1933,0
1782650364,1.38,54.59,50.22,0.00,19.14,2.60,4.85,2,node3,0.7183,3.47,3.59,2174,1212,45,917,188,44,1942,0
1782650365,1.38,54.54,50.47,3.00,15.21,6.20,6.36,2,node3,0.6352,3.95,4.48,2187,1213,45,929,189,44,1954,0
1782650366,1.38,54.54,50.31,0.00,15.21,5.60,4.85,2,node3,0.7518,3.95,4.48,2187,1213,45,929,189,44,1954,0
1782650367,1.38,54.54,50.19,0.00,15.21,4.20,4.69,2,node3,0.7430,3.95,4.48,2187,1213,45,929,189,44,1954,0
1782650368,1.38,54.54,50.19,0.00,15.21,4.20,4.65,2,node3,0.7430,3.95,4.48,2187,1213,45,929,189,44,1954,0
1782650369,1.38,54.55,50.53,5.00,13.13,4.80,5.33,2,node3,0.5535,3.18,4.91,2199,1213,45,941,189,45,1965,0
1782650370,1.38,54.53,50.69,4.00,16.37,4.40,6.28,2,node3,0.5782,3.92,4.02,2212,1214,45,953,190,45,1977,0
1782650371,1.38,54.53,50.59,0.00,16.37,4.80,5.37,2,node3,0.7412,3.92,4.02,2212,1214,45,953,190,45,1977,0
1782650372,1.38,54.53,50.56,0.00,16.37,4.80,4.73,2,node3,0.7413,3.92,4.02,2212,1214,45,953,190,45,1977,0
1782650373,1.38,54.53,50.56,0.00,16.37,4.80,4.65,2,node3,0.7413,3.92,4.02,2212,1214,45,953,190,45,1977,0
1782650374,1.38,54.66,50.59,1.00,16.37,4.80,4.89,2,node3,0.7012,3.18,3.31,2225,1215,45,965,191,45,1989,0
1782650375,1.38,54.66,50.75,4.00,17.32,5.60,6.48,2,node3,0.5826,4.15,4.44,2234,1215,45,974,191,45,1998,0
1782650376,1.38,54.66,50.50,0.00,17.32,4.20,4.89,2,node3,0.7342,4.15,4.44,2234,1215,45,974,191,45,1998,0
1782650377,1.38,54.66,50.56,0.00,17.32,4.20,4.69,2,node3,0.7339,4.15,4.44,2234,1215,45,974,191,45,1998,0
1782650378,1.38,54.66,50.53,0.00,17.32,4.20,4.65,2,node3,0.7341,4.15,4.44,2234,1215,45,974,191,45,1998,0
1782650379,1.38,54.66,50.22,0.00,17.32,4.00,4.65,2,node3,0.7339,4.15,4.44,2234,1215,45,974,191,45,1998,0
1782650380,1.39,54.67,50.78,12.00,17.64,2.80,6.32,2,node3,0.5227,3.35,3.49,2258,1216,45,997,192,45,2021,0
1782650381,1.39,54.65,50.50,0.00,17.64,4.60,5.29,2,node3,0.7357,3.35,3.49,2258,1216,45,997,192,45,2021,0
1782650382,1.39,54.65,50.50,0.00,17.64,4.60,4.73,2,node3,0.7357,3.35,3.49,2258,1216,45,997,192,45,2021,0
1782650383,1.39,54.65,50.50,0.00,17.64,4.60,4.69,2,node3,0.7357,3.35,3.49,2258,1216,45,997,192,45,2021,0
1782650384,1.39,54.74,50.41,0.00,17.64,4.60,4.65,2,node3,0.7361,3.54,3.64,2269,1217,45,1007,193,45,2031,0
1782650385,1.39,54.76,50.44,3.00,19.39,5.40,6.52,2,node3,0.6153,3.09,3.19,2280,1218,45,1017,194,45,2041,0
1782650386,1.39,54.76,50.53,0.00,19.39,4.00,4.89,2,node3,0.7256,3.09,3.19,2280,1218,45,1017,194,45,2041,0
1782650387,1.39,54.76,50.25,0.00,19.39,4.00,4.69,2,node3,0.7266,3.09,3.19,2280,1218,45,1017,194,45,2041,0
1782650388,1.39,54.76,50.59,0.00,19.39,4.00,4.65,2,node3,0.7253,3.09,3.19,2280,1218,45,1017,194,45,2041,0
1782650389,1.39,54.83,50.78,0.00,276.96,0.00,5.05,1,node2,0.5293,3.11,3.19,2288,1219,46,1023,194,47,2047,0
1782650390,1.39,55.29,51.50,1.00,19.80,4.40,7.78,2,node3,0.6832,3.38,3.50,2303,1219,46,1038,194,47,2062,0
1782650391,1.39,55.72,50.94,0.00,19.80,4.20,6.00,2,node3,0.7240,3.38,3.50,2303,1219,46,1038,194,47,2062,0
1782650392,1.39,55.82,51.19,0.00,19.80,4.20,5.81,2,node3,0.7231,3.38,3.50,2303,1219,46,1038,194,47,2062,0
1782650393,1.39,56.00,50.94,0.00,19.80,4.20,5.73,2,node3,0.7240,3.38,3.50,2303,1219,46,1038,194,47,2062,0
1782650394,1.40,56.33,50.81,0.00,19.80,4.20,5.76,2,node3,0.7245,2.98,3.10,2308,1219,46,1043,194,47,2067,0
1782650395,1.40,56.59,51.06,0.00,71.29,0.80,7.94,2,node1,0.5927,3.44,3.52,2326,1223,46,1057,194,47,2085,0
1782650396,1.40,54.75,50.66,0.00,71.29,0.80,5.13,2,node1,0.5942,3.44,3.52,2326,1223,46,1057,194,47,2085,0
1782650397,1.40,54.75,50.56,0.00,71.29,0.80,4.69,2,node1,0.5946,3.44,3.52,2326,1223,46,1057,194,47,2085,0
1782650398,1.40,54.75,50.47,0.00,71.29,0.80,4.65,2,node1,0.5949,3.44,3.52,2326,1223,46,1057,194,47,2085,0
1782650399,1.40,54.75,50.53,0.00,71.29,0.80,4.65,2,node1,0.5947,3.44,3.52,2326,1223,46,1057,194,47,2085,0
1782650400,1.40,54.79,50.72,0.00,67.16,1.00,6.72,2,node1,0.6005,4.21,4.32,2349,1228,46,1075,196,47,2106,0
1782650401,1.40,54.79,50.47,0.00,67.16,1.00,5.41,2,node1,0.6014,4.21,4.32,2349,1228,46,1075,196,47,2106,0
1782650402,1.40,54.79,50.72,0.00,67.16,1.00,4.73,2,node1,0.6005,4.21,4.32,2349,1228,46,1075,196,47,2106,0
1782650403,1.40,54.79,50.44,0.00,67.16,1.00,4.65,2,node1,0.6015,4.21,4.32,2349,1228,46,1075,196,47,2106,0
1782650404,1.40,54.82,50.69,0.00,67.16,1.00,4.65,2,node1,0.6006,4.21,4.32,2349,1228,46,1075,196,47,2106,0
1782650405,1.40,54.84,50.38,5.00,22.67,2.60,5.56,2,node3,0.5060,3.95,4.15,2373,1228,46,1099,196,47,2130,0
1782650406,1.40,54.85,50.41,0.00,19.54,4.80,6.24,2,node3,0.7308,3.95,4.15,2373,1228,46,1099,196,47,2130,0
1782650407,1.40,54.85,50.25,0.00,19.54,4.80,4.81,2,node3,0.7314,3.95,4.15,2373,1228,46,1099,196,47,2130,0
1782650408,1.40,54.85,50.28,0.00,19.54,4.80,4.69,2,node3,0.7313,3.95,4.15,2373,1228,46,1099,196,47,2130,0
1782650409,1.40,54.85,50.16,0.00,19.54,4.80,4.65,2,node3,0.7318,3.95,4.15,2373,1228,46,1099,196,47,2130,0
1782650410,1.40,54.90,50.28,0.00,19.54,3.60,4.93,2,node3,0.7233,4.31,4.42,2374,1228,46,1100,196,47,2131,0
1782650411,1.40,54.87,50.19,0.00,25.69,0.20,4.69,2,node3,0.6814,4.31,4.42,2374,1228,46,1100,196,47,2131,0
1782650412,1.40,54.88,50.12,0.00,25.69,0.20,4.69,2,node3,0.6817,4.31,4.42,2374,1228,46,1100,196,47,2131,0
1782650413,1.40,54.88,50.12,0.00,25.69,0.20,4.65,2,node3,0.6817,4.31,4.42,2374,1228,46,1100,196,47,2131,0
1782650414,1.40,54.88,50.12,0.00,25.69,0.20,4.65,2,node3,0.6817,4.31,4.42,2374,1228,46,1100,196,47,2131,0
1782650415,1.40,54.91,50.09,0.00,32.51,0.60,4.97,2,node3,0.6654,3.09,3.19,2390,1228,46,1116,196,47,2147,0
1782650416,1.40,54.86,50.31,9.00,27.17,4.00,6.32,2,node3,0.5019,3.18,3.27,2403,1228,46,1129,196,47,2160,0
1782650417,1.40,54.85,50.12,0.00,27.17,5.80,5.13,2,node3,0.7146,3.18,3.27,2403,1228,46,1129,196,47,2160,0
1782650418,1.40,54.85,50.12,0.00,27.17,5.80,4.69,2,node3,0.7146,3.18,3.27,2403,1228,46,1129,196,47,2160,0
1782650419,1.40,54.85,50.06,0.00,27.17,5.80,4.65,2,node3,0.7149,3.18,3.27,2403,1228,46,1129,196,47,2160,0
1782650420,1.40,54.85,50.03,0.00,27.17,5.40,4.65,2,node3,0.7123,3.18,3.27,2403,1228,46,1129,196,47,2160,0
1782650421,1.40,54.85,50.59,0.00,67.16,0.00,5.80,2,node1,0.5943,2.84,2.93,2430,1236,46,1148,196,47,2187,0
1782650422,1.40,54.85,50.41,0.00,62.94,1.60,5.84,2,node1,0.6114,2.84,2.93,2430,1236,46,1148,196,47,2187,0
1782650423,1.40,54.84,50.41,0.00,62.94,1.60,4.77,2,node1,0.6114,2.84,2.93,2430,1236,46,1148,196,47,2187,0
1782650424,1.40,54.84,50.28,0.00,62.94,1.60,4.65,2,node1,0.6119,2.84,2.93,2430,1236,46,1148,196,47,2187,0
1782650425,1.40,54.93,50.28,0.00,62.94,1.60,4.65,2,node1,0.6119,2.84,2.93,2430,1236,46,1148,196,47,2187,0
1782650426,1.40,54.93,50.22,0.00,62.94,1.60,4.65,2,node1,0.6121,2.84,2.93,2430,1236,46,1148,196,47,2187,0
1782650427,1.41,54.93,50.25,14.00,27.70,1.40,6.16,2,node3,0.4833,3.26,3.38,2452,1237,46,1169,197,48,2207,0
1782650428,1.41,54.90,50.03,0.00,27.70,4.20,5.41,2,node3,0.7028,3.26,3.38,2452,1237,46,1169,197,48,2207,0
1782650429,1.41,54.90,49.97,0.00,27.70,4.20,4.73,2,node3,0.7030,3.26,3.38,2452,1237,46,1169,197,48,2207,0
1782650430,1.41,54.90,49.97,0.00,27.70,4.20,4.69,2,node3,0.7030,3.26,3.38,2452,1237,46,1169,197,48,2207,0
1782650431,1.41,54.90,49.84,0.00,27.70,4.20,4.65,2,node3,0.7035,3.26,3.38,2452,1237,46,1169,197,48,2207,0
1782650432,1.41,54.90,49.84,0.00,27.70,4.00,4.69,2,node3,0.7022,3.26,3.38,2452,1237,46,1169,197,48,2207,0
1782650433,1.41,54.90,50.09,0.00,27.70,0.40,4.65,2,node3,0.6772,3.26,3.38,2452,1237,46,1169,197,48,2207,0
1782650434,1.41,54.88,50.16,0.00,67.54,0.20,5.29,1,node1,0.5968,3.21,3.26,2457,1238,46,1173,197,49,2211,0
1782650435,1.41,54.98,50.09,0.00,67.54,0.20,4.73,1,node1,0.5970,3.21,3.26,2457,1238,46,1173,197,49,2211,0
1782650436,1.41,54.98,50.03,0.00,67.54,0.20,4.65,1,node1,0.5972,3.21,3.26,2457,1238,46,1173,197,49,2211,0
1782650437,1.41,54.98,50.06,0.00,67.54,0.20,4.65,1,node1,0.5971,3.21,3.26,2457,1238,46,1173,197,49,2211,0
1782650438,1.41,54.98,50.06,0.00,67.54,0.20,4.65,1,node1,0.5971,3.21,3.26,2457,1238,46,1173,197,49,2211,0
1782650439,1.41,54.98,50.03,0.00,67.54,0.00,4.65,1,node1,0.5959,3.21,3.26,2457,1238,46,1173,197,49,2211,0
1782650440,1.41,54.99,50.12,3.00,33.68,0.80,5.41,2,node3,0.5436,3.55,3.65,2484,1238,46,1200,197,49,2238,0
1782650441,1.41,54.99,50.22,10.00,24.35,4.80,6.40,2,node3,0.5160,3.77,3.99,2491,1238,46,1207,197,49,2245,0
1782650442,1.41,54.99,49.84,0.00,24.35,6.80,5.17,2,node3,0.7308,3.77,3.99,2491,1238,46,1207,197,49,2245,0
1782650443,1.41,54.98,50.16,0.00,24.35,6.80,4.69,2,node3,0.7296,3.77,3.99,2491,1238,46,1207,197,49,2245,0
1782650444,1.41,54.98,49.72,0.00,24.35,6.80,4.65,2,node3,0.7313,3.77,3.99,2491,1238,46,1207,197,49,2245,0
1782650445,1.41,55.06,50.03,0.00,24.35,5.80,4.65,2,node3,0.7234,3.77,3.99,2491,1238,46,1207,197,49,2245,0
1782650446,1.41,55.06,49.97,1.00,27.92,2.20,4.93,2,node3,0.6491,2.94,3.75,2512,1240,46,1226,199,49,2264,0
1782650447,1.41,55.10,50.44,14.00,50.88,1.60,7.22,2,node1,0.4306,3.06,3.14,2542,1260,46,1236,199,49,2294,0
1782650448,1.41,55.10,50.12,0.00,50.88,4.40,6.36,2,node1,0.6505,3.06,3.14,2542,1260,46,1236,199,49,2294,0
1782650449,1.41,55.10,50.09,0.00,50.88,4.40,4.81,2,node1,0.6506,3.06,3.14,2542,1260,46,1236,199,49,2294,0
1782650450,1.41,55.10,50.09,0.00,50.88,4.40,4.65,2,node1,0.6506,3.06,3.14,2542,1260,46,1236,199,49,2294,0
1782650451,1.41,55.10,50.03,0.00,50.88,4.40,4.65,2,node1,0.6508,3.06,3.14,2542,1260,46,1236,199,49,2294,0
1782650452,1.41,55.10,50.03,0.00,50.88,2.60,4.65,2,node1,0.6388,3.06,3.14,2542,1260,46,1236,199,49,2294,0
1782650453,1.41,55.09,49.97,9.00,22.02,3.00,6.20,2,node3,0.5123,4.02,4.13,2566,1260,46,1260,199,49,2318,0
1782650454,1.41,55.09,49.78,0.00,22.02,4.80,5.09,2,node3,0.7250,4.02,4.13,2566,1260,46,1260,199,49,2318,0
1782650455,1.41,55.14,50.16,0.00,22.02,4.80,4.69,2,node3,0.7236,4.02,4.13,2566,1260,46,1260,199,49,2318,0
1782650456,1.41,55.14,50.00,0.00,22.02,4.80,4.65,2,node3,0.7242,4.02,4.13,2566,1260,46,1260,199,49,2318,0
1782650457,1.41,55.14,50.06,0.00,22.02,4.80,4.65,2,node3,0.7239,4.02,4.13,2566,1260,46,1260,199,49,2318,0
1782650458,1.41,55.14,50.06,0.00,22.02,1.60,4.65,2,node3,0.7026,4.02,4.13,2566,1260,46,1260,199,49,2318,0
1782650459,1.41,55.14,50.06,0.00,25.82,0.20,4.93,2,node3,0.6815,3.94,4.01,2567,1260,46,1261,199,49,2319,0
1782650460,1.41,55.14,49.81,0.00,25.82,0.20,4.73,2,node3,0.6824,3.94,4.01,2567,1260,46,1261,199,49,2319,0
1782650461,1.41,55.14,49.97,0.00,25.82,0.20,4.65,2,node3,0.6819,3.94,4.01,2567,1260,46,1261,199,49,2319,0
1782650462,1.41,55.14,49.84,0.00,25.82,0.20,4.65,2,node3,0.6823,3.94,4.01,2567,1260,46,1261,199,49,2319,0
1782650463,1.41,55.14,49.97,0.00,25.82,0.20,4.65,2,node3,0.6819,3.94,4.01,2567,1260,46,1261,199,49,2319,0
1782650464,1.41,55.14,49.91,0.00,25.82,0.20,4.65,2,node3,0.6821,3.94,4.01,2567,1260,46,1261,199,49,2319,0
1782650465,1.41,55.14,49.91,0.00,25.82,0.00,4.65,2,node3,0.6808,3.94,4.01,2567,1260,46,1261,199,49,2319,0
1782650466,1.41,55.15,49.69,0.00,50.88,0.00,4.97,0,node1,0.6228,3.86,3.91,2573,1261,46,1266,200,49,2324,0
1782650467,1.41,55.13,49.84,0.00,52.79,0.20,6.04,2,node1,0.6201,3.36,3.77,2614,1283,47,1284,200,50,2364,0
1782650468,1.41,55.13,50.09,6.00,39.57,3.60,7.22,2,node1,0.4682,4.13,4.28,2615,1284,47,1284,200,50,2365,0
1782650469,1.41,55.12,49.78,0.00,39.57,4.80,5.01,2,node1,0.6774,4.13,4.28,2615,1284,47,1284,200,50,2365,0
1782650470,1.42,55.11,49.88,0.00,39.57,4.80,5.21,2,node1,0.6770,4.13,4.28,2615,1284,47,1284,200,50,2365,0
1782650471,1.42,55.11,49.75,0.00,39.57,4.80,4.69,2,node1,0.6775,4.13,4.28,2615,1284,47,1284,200,50,2365,0
1782650472,1.42,55.08,49.91,0.00,24.69,2.00,4.65,2,node3,0.6975,3.40,3.49,2616,1284,47,1285,200,50,2366,0
1782650473,1.42,55.12,50.00,5.00,40.41,2.00,7.02,2,node1,0.4560,3.49,3.85,2642,1295,47,1300,200,50,2392,0
1782650474,1.42,55.12,49.78,0.00,40.41,2.20,5.09,2,node1,0.6582,3.49,3.85,2642,1295,47,1300,200,50,2392,0
1782650475,1.42,55.12,49.75,0.00,40.41,2.20,4.69,2,node1,0.6583,3.49,3.85,2642,1295,47,1300,200,50,2392,0
1782650476,1.42,55.18,49.72,0.00,40.41,2.20,4.65,2,node1,0.6584,3.49,3.85,2642,1295,47,1300,200,50,2392,0
1782650477,1.42,55.18,49.72,0.00,40.41,2.20,4.65,2,node1,0.6584,3.49,3.85,2642,1295,47,1300,200,50,2392,0
1782650478,1.42,55.18,49.62,0.00,40.41,0.80,4.65,2,node1,0.6494,3.49,3.85,2642,1295,47,1300,200,50,2392,0
1782650479,1.42,55.14,49.97,0.00,40.41,0.00,5.72,2,node1,0.6428,5.08,5.19,2665,1299,47,1319,200,50,2415,0
1782650480,1.42,55.12,49.69,7.00,40.41,0.00,5.68,2,node1,0.4438,3.82,3.94,2668,1302,47,1319,200,50,2418,0
1782650481,1.42,55.12,49.66,7.00,40.41,0.00,4.73,2,node1,0.4440,3.82,3.94,2668,1302,47,1319,200,50,2418,0
1782650482,1.42,55.12,49.75,7.00,40.41,0.00,4.65,2,node1,0.4436,3.82,3.94,2668,1302,47,1319,200,50,2418,0
1782650483,1.42,55.12,49.53,7.00,40.41,0.00,4.65,2,node1,0.4444,3.82,3.94,2668,1302,47,1319,200,50,2418,0
1782650484,1.42,55.12,49.62,7.00,40.41,0.00,4.65,2,node1,0.4441,3.82,3.94,2668,1302,47,1319,200,50,2418,0
1782650485,1.42,55.12,49.56,7.00,40.41,0.00,4.65,2,node1,0.4443,3.82,3.94,2668,1302,47,1319,200,50,2418,0
1782650486,1.42,55.06,49.75,34.00,40.41,0.00,6.08,2,node1,0.4436,3.16,3.24,2695,1329,47,1319,200,50,2445,0
1782650487,1.42,55.05,49.66,34.00,40.41,0.00,5.72,2,node1,0.4440,3.16,3.24,2695,1329,47,1319,200,50,2445,0
1782650488,1.42,55.05,49.56,34.00,40.41,0.00,4.73,2,node1,0.4443,3.16,3.24,2695,1329,47,1319,200,50,2445,0
1782650489,1.42,55.05,49.59,34.00,40.41,0.00,4.65,2,node1,0.4442,3.16,3.24,2695,1329,47,1319,200,50,2445,0
1782650490,1.42,55.05,49.62,34.00,40.41,0.00,4.65,2,node1,0.4441,3.16,3.24,2695,1329,47,1319,200,50,2445,0
1782650491,1.42,55.05,49.53,34.00,40.41,0.00,4.65,2,node1,0.4444,3.16,3.24,2695,1329,47,1319,200,50,2445,0
1782650492,1.42,55.05,49.81,34.00,40.41,0.00,4.65,2,node1,0.4434,3.16,3.24,2695,1329,47,1319,200,50,2445,0
1782650493,1.42,55.05,49.88,34.00,40.41,0.00,4.65,2,node1,0.4431,3.16,3.24,2695,1329,47,1319,200,50,2445,0
1782650494,1.42,55.10,49.88,16.00,20.90,0.00,6.04,2,node3,0.4963,2.14,2.22,2721,1329,65,1327,200,51,2470,0
1782650495,1.42,55.11,49.59,16.00,20.90,0.00,5.17,2,node3,0.4974,2.14,2.22,2721,1329,65,1327,200,51,2470,0
1782650496,1.42,55.11,49.62,16.00,20.90,0.00,4.69,2,node3,0.4972,2.14,2.22,2721,1329,65,1327,200,51,2470,0
1782650497,1.42,55.13,49.53,16.00,20.90,0.00,4.65,2,node3,0.4976,2.14,2.22,2721,1329,65,1327,200,51,2470,0
1782650498,1.42,55.13,49.62,16.00,20.90,0.00,4.65,2,node3,0.4972,2.14,2.22,2721,1329,65,1327,200,51,2470,0
1782650499,1.42,55.13,49.50,16.00,20.90,0.00,4.65,2,node3,0.4977,2.14,2.22,2721,1329,65,1327,200,51,2470,0
1782650500,1.42,55.13,49.47,16.00,20.90,0.00,4.65,2,node3,0.4978,2.14,2.22,2721,1329,65,1327,200,51,2470,0
1782650501,1.42,55.11,49.50,16.00,20.90,0.00,4.77,2,node3,0.4977,3.11,3.20,2749,1329,65,1355,200,51,2495,3
1782650502,1.42,55.10,49.47,16.00,20.90,0.00,4.69,2,node3,0.4978,3.11,3.20,2749,1329,65,1355,200,51,2495,3
1782650503,1.42,55.10,49.50,16.00,20.90,0.00,4.65,2,node3,0.4977,3.11,3.20,2749,1329,65,1355,200,51,2495,3
1782650504,1.42,55.10,49.78,16.00,20.90,0.00,4.65,2,node3,0.4967,3.11,3.20,2749,1329,65,1355,200,51,2495,3
1782650505,1.42,55.10,49.78,16.00,20.90,0.00,4.65,2,node3,0.4967,3.11,3.20,2749,1329,65,1355,200,51,2495,3
1782650506,1.42,55.10,49.84,16.00,20.90,0.00,4.65,2,node3,0.4964,3.11,3.20,2749,1329,65,1355,200,51,2495,3
1782650507,1.42,55.10,49.88,16.00,20.90,0.00,4.65,2,node3,0.4963,3.11,3.20,2749,1329,65,1355,200,51,2495,3
1782650508,1.42,55.10,49.84,16.00,20.90,0.00,4.65,2,node3,0.4964,3.11,3.20,2749,1329,65,1355,200,51,2495,3
1782650509,1.42,55.10,49.78,16.00,20.90,0.00,4.65,2,node3,0.4967,3.11,3.20,2749,1329,65,1355,200,51,2495,3
1782650510,1.42,55.10,49.84,16.00,20.90,0.00,4.65,2,node3,0.4964,3.11,3.20,2749,1329,65,1355,200,51,2495,3
1782650511,1.42,55.10,49.78,16.00,20.90,0.00,4.65,2,node3,0.4967,3.11,3.20,2749,1329,65,1355,200,51,2495,3
1782650512,1.42,55.10,49.62,16.00,20.90,0.00,4.65,2,node3,0.4972,3.11,3.20,2749,1329,65,1355,200,51,2495,3
1782650513,1.42,55.10,49.81,16.00,20.90,0.00,4.65,2,node3,0.4965,3.11,3.20,2749,1329,65,1355,200,51,2495,3
1782650514,1.42,55.10,49.50,16.00,20.90,0.00,4.65,2,node3,0.4977,3.11,3.20,2749,1329,65,1355,200,51,2495,3
1782650515,1.42,55.10,49.84,16.00,20.90,0.00,4.65,2,node3,0.4964,3.11,3.20,2749,1329,65,1355,200,51,2495,3
1782650516,1.42,55.10,49.69,16.00,20.90,0.00,4.65,2,node3,0.4970,3.11,3.20,2749,1329,65,1355,200,51,2495,3
1782650517,1.42,55.11,49.97,16.00,20.90,0.00,4.65,2,node3,0.4959,3.11,3.20,2749,1329,65,1355,200,51,2495,3
1782650518,1.42,55.50,49.97,16.00,20.90,0.00,5.41,2,node3,0.4959,3.11,3.20,2749,1329,65,1355,200,51,2495,3
1782650519,1.42,55.83,50.34,16.00,20.90,0.00,5.69,2,node3,0.4945,3.11,3.20,2749,1329,65,1355,200,51,2495,3
1782650520,1.42,56.01,50.44,16.00,20.90,0.00,5.81,2,node3,0.4942,3.11,3.20,2749,1329,65,1355,200,51,2495,3
1782650521,1.42,56.26,50.25,16.00,20.90,0.00,5.77,2,node3,0.4949,3.11,3.20,2749,1329,65,1355,200,51,2495,3
1782650522,1.43,56.36,50.31,16.00,20.90,0.00,5.85,2,node3,0.4947,3.11,3.20,2749,1329,65,1355,200,51,2495,3
1782650523,1.43,56.63,50.34,16.00,20.90,0.00,5.81,2,node3,0.4945,3.11,3.20,2749,1329,65,1355,200,51,2495,3
1782650524,1.43,56.95,50.34,16.00,20.90,0.00,5.77,2,node3,0.4945,3.11,3.20,2749,1329,65,1355,200,51,2495,3
1782650525,1.43,55.05,49.72,16.00,20.90,0.00,5.13,2,node3,0.4969,3.11,3.20,2749,1329,65,1355,200,51,2495,3
1782650526,1.43,55.05,49.56,16.00,20.90,0.00,4.69,2,node3,0.4975,3.11,3.20,2749,1329,65,1355,200,51,2495,3
1782650527,1.43,55.16,49.47,16.00,20.90,0.00,4.69,2,node3,0.4978,3.11,3.20,2749,1329,65,1355,200,51,2495,3
1782650528,1.43,55.17,49.50,16.00,20.90,0.00,4.65,2,node3,0.4977,3.11,3.20,2749,1329,65,1355,200,51,2495,3
1782650529,1.43,55.17,49.50,16.00,20.90,0.00,4.65,2,node3,0.4977,3.11,3.20,2749,1329,65,1355,200,51,2495,3
1782650530,1.43,55.21,49.91,16.00,20.90,0.00,5.29,2,node3,0.4962,3.11,3.20,2749,1329,65,1355,200,51,2495,3
1782650531,1.43,55.21,49.97,16.00,20.90,0.00,4.73,2,node3,0.4959,3.11,3.20,2749,1329,65,1355,200,51,2495,3
1782650532,1.43,55.21,49.34,16.00,20.90,0.00,4.65,2,node3,0.4983,3.11,3.20,2749,1329,65,1355,200,51,2495,3
1782650533,1.43,55.21,49.44,16.00,20.90,0.00,4.65,2,node3,0.4979,3.11,3.20,2749,1329,65,1355,200,51,2495,3
1782650534,1.43,55.21,49.47,16.00,20.90,0.00,4.65,2,node3,0.4978,3.11,3.20,2749,1329,65,1355,200,51,2495,3
1782650535,1.43,55.21,49.34,16.00,20.90,0.00,4.65,2,node3,0.4983,3.11,3.20,2749,1329,65,1355,200,51,2495,3
1782650536,1.43,55.21,49.62,16.00,20.90,0.00,4.65,2,node3,0.4972,3.11,3.20,2749,1329,65,1355,200,51,2495,3
1782650537,1.43,55.14,49.47,16.00,20.90,0.00,4.65,2,node3,0.4978,3.11,3.20,2749,1329,65,1355,200,51,2495,3
1782650538,1.43,55.09,49.59,16.00,20.90,0.00,4.65,2,node3,0.4974,3.11,3.20,2749,1329,65,1355,200,51,2495,3
1782650539,1.43,55.09,49.50,16.00,20.90,0.00,4.65,2,node3,0.4977,3.11,3.20,2749,1329,65,1355,200,51,2495,3
1782650540,1.43,55.09,49.59,16.00,20.90,0.00,4.65,2,node3,0.4974,3.11,3.20,2749,1329,65,1355,200,51,2495,3
1782650541,1.43,55.09,49.56,16.00,20.90,0.00,4.65,2,node3,0.4975,3.11,3.20,2749,1329,65,1355,200,51,2495,3
1782650542,1.43,55.09,49.56,16.00,20.90,0.00,4.65,2,node3,0.4975,3.11,3.20,2749,1329,65,1355,200,51,2495,3
1782650543,1.43,55.09,49.59,16.00,20.90,0.00,4.65,2,node3,0.4974,3.11,3.20,2749,1329,65,1355,200,51,2495,3
1782650544,1.43,55.09,49.62,16.00,20.90,0.00,4.65,2,node3,0.4972,3.11,3.20,2749,1329,65,1355,200,51,2495,3
1782650545,1.43,55.09,49.62,16.00,20.90,0.00,4.65,2,node3,0.4972,3.11,3.20,2749,1329,65,1355,200,51,2495,3
1782650546,1.43,55.09,49.62,16.00,20.90,0.00,4.65,2,node3,0.4972,3.11,3.20,2749,1329,65,1355,200,51,2495,3
1782650547,1.43,55.11,49.50,16.00,20.90,0.00,4.65,2,node3,0.4977,3.11,3.20,2749,1329,65,1355,200,51,2495,3
1782650548,1.43,55.11,49.50,16.00,20.90,0.00,4.65,2,node3,0.4977,3.11,3.20,2749,1329,65,1355,200,51,2495,3
1782650549,1.43,55.11,49.38,16.00,20.90,0.00,4.65,2,node3,0.4982,3.11,3.20,2749,1329,65,1355,200,51,2495,3
1782650550,1.43,55.12,49.25,16.00,20.90,0.00,4.65,2,node3,0.4986,3.11,3.20,2749,1329,65,1355,200,51,2495,3
1782650551,1.43,55.12,49.34,16.00,20.90,0.00,4.65,2,node3,0.4983,3.11,3.20,2749,1329,65,1355,200,51,2495,3
1782650552,1.43,55.12,49.25,16.00,20.90,0.00,4.65,2,node3,0.4986,3.11,3.20,2749,1329,65,1355,200,51,2495,3
1782650553,1.43,55.12,49.25,16.00,20.90,0.00,4.65,2,node3,0.4986,3.11,3.20,2749,1329,65,1355,200,51,2495,3
1782650554,1.43,55.07,49.34,16.00,20.90,0.00,4.65,2,node3,0.4983,3.11,3.20,2749,1329,65,1355,200,51,2495,3
1782650555,1.43,55.07,49.31,16.00,20.90,0.00,4.65,2,node3,0.4984,3.11,3.20,2749,1329,65,1355,200,51,2495,3
1782650556,1.43,55.07,49.25,16.00,20.90,0.00,4.65,2,node3,0.4986,3.11,3.20,2749,1329,65,1355,200,51,2495,3
1782650557,1.43,55.07,49.19,16.00,20.90,0.00,4.65,2,node3,0.4989,3.11,3.20,2749,1329,65,1355,200,51,2495,3
1782650558,1.43,55.09,49.22,16.00,20.90,0.00,4.65,2,node3,0.4988,3.11,3.20,2749,1329,65,1355,200,51,2495,3
1782650559,1.43,55.09,49.28,16.00,20.90,0.00,4.65,2,node3,0.4985,3.11,3.20,2749,1329,65,1355,200,51,2495,3
1782650560,1.43,55.09,49.50,16.00,20.90,0.00,4.65,2,node3,0.4977,3.11,3.20,2749,1329,65,1355,200,51,2495,3
1782650561,1.43,55.07,49.22,16.00,20.90,0.00,4.65,2,node3,0.4988,3.11,3.20,2749,1329,65,1355,200,51,2495,3
1782650562,1.43,55.07,49.28,16.00,20.90,0.00,4.65,2,node3,0.4985,3.11,3.20,2749,1329,65,1355,200,51,2495,3
1782650563,1.43,55.07,49.28,16.00,20.90,0.00,4.65,2,node3,0.4985,3.11,3.20,2749,1329,65,1355,200,51,2495,3
1782650564,1.43,55.07,49.25,16.00,20.90,0.00,4.65,2,node3,0.4986,3.11,3.20,2749,1329,65,1355,200,51,2495,3
1782650565,1.43,55.07,49.19,16.00,20.90,0.00,4.65,2,node3,0.4989,3.11,3.20,2749,1329,65,1355,200,51,2495,3
1782650566,1.43,55.07,49.50,16.00,20.90,0.00,4.65,2,node3,0.4977,3.11,3.20,2749,1329,65,1355,200,51,2495,3
1782650567,1.43,55.07,49.50,16.00,20.90,0.00,4.65,2,node3,0.4977,3.11,3.20,2749,1329,65,1355,200,51,2495,3
1782650568,1.43,55.07,49.50,16.00,20.90,0.00,4.65,2,node3,0.4977,3.11,3.20,2749,1329,65,1355,200,51,2495,3
1782650569,1.43,55.07,49.47,16.00,20.90,0.00,4.65,2,node3,0.4978,3.11,3.20,2749,1329,65,1355,200,51,2495,3
1782650570,1.43,55.07,49.56,16.00,20.90,0.00,4.65,2,node3,0.4975,3.11,3.20,2749,1329,65,1355,200,51,2495,3
1782650571,1.43,55.07,49.47,16.00,20.90,0.00,4.65,2,node3,0.4978,3.11,3.20,2749,1329,65,1355,200,51,2495,3
1782650572,1.43,55.07,49.50,16.00,20.90,0.00,4.65,2,node3,0.4977,3.11,3.20,2749,1329,65,1355,200,51,2495,3
1782650573,1.43,55.07,49.50,16.00,20.90,0.00,4.65,2,node3,0.4977,3.11,3.20,2749,1329,65,1355,200,51,2495,3
1782650574,1.43,55.07,49.50,16.00,20.90,0.00,4.65,2,node3,0.4977,3.11,3.20,2749,1329,65,1355,200,51,2495,3
1782650575,1.43,55.07,49.53,16.00,20.90,0.00,4.65,2,node3,0.4976,3.11,3.20,2749,1329,65,1355,200,51,2495,3
1782650576,1.43,55.07,49.53,16.00,20.90,0.00,4.65,2,node3,0.4976,3.11,3.20,2749,1329,65,1355,200,51,2495,3
1782650577,1.43,55.07,49.56,16.00,20.90,0.00,4.65,2,node3,0.4975,3.11,3.20,2749,1329,65,1355,200,51,2495,3
1782650578,1.43,55.05,49.50,16.00,20.90,0.00,4.65,2,node3,0.4977,3.11,3.20,2749,1329,65,1355,200,51,2495,3
1782650579,1.43,55.05,49.50,16.00,20.90,0.00,4.65,2,node3,0.4977,3.11,3.20,2749,1329,65,1355,200,51,2495,3
1782650580,1.43,55.00,49.47,16.00,20.90,0.00,4.65,2,node3,0.4978,3.11,3.20,2749,1329,65,1355,200,51,2495,3
1782650581,1.43,55.00,49.41,16.00,20.90,0.00,4.65,2,node3,0.4981,3.11,3.20,2749,1329,65,1355,200,51,2495,3
1782650582,1.43,55.00,49.41,16.00,20.90,0.00,4.65,2,node3,0.4981,3.11,3.20,2749,1329,65,1355,200,51,2495,3
1782650583,1.43,55.00,49.34,16.00,20.90,0.00,4.65,2,node3,0.4983,3.11,3.20,2749,1329,65,1355,200,51,2495,3
1782650584,1.43,54.95,49.47,16.00,20.90,0.00,4.65,2,node3,0.4978,3.11,3.20,2749,1329,65,1355,200,51,2495,3
1782650585,1.43,54.95,49.38,16.00,20.90,0.00,4.65,2,node3,0.4982,3.11,3.20,2749,1329,65,1355,200,51,2495,3
1782650586,1.43,54.95,49.44,16.00,20.90,0.00,4.65,2,node3,0.4979,3.11,3.20,2749,1329,65,1355,200,51,2495,3
1782650587,1.43,54.95,49.41,16.00,20.90,0.00,4.65,2,node3,0.4981,3.11,3.20,2749,1329,65,1355,200,51,2495,3
1782650588,1.43,54.87,49.47,16.00,20.90,0.00,4.65,2,node3,0.4978,3.11,3.20,2749,1329,65,1355,200,51,2495,3
1782650589,1.43,54.86,49.34,16.00,20.90,0.00,4.61,2,node3,0.4983,3.11,3.20,2749,1329,65,1355,200,51,2495,3
1782650590,1.43,54.86,49.41,16.00,20.90,0.00,4.61,2,node3,0.4981,3.11,3.20,2749,1329,65,1355,200,51,2495,3
1782650591,1.43,54.87,49.50,16.00,20.90,0.00,4.77,2,node3,0.4977,3.11,3.20,2749,1329,65,1355,200,51,2495,3
1782650592,1.43,54.87,49.47,16.00,20.90,0.00,4.61,2,node3,0.4978,3.11,3.20,2749,1329,65,1355,200,51,2495,3
1782650593,1.43,54.87,49.41,16.00,20.90,0.00,4.61,2,node3,0.4981,3.11,3.20,2749,1329,65,1355,200,51,2495,3
1782650594,1.43,54.87,49.41,16.00,20.90,0.00,4.61,2,node3,0.4981,3.11,3.20,2749,1329,65,1355,200,51,2495,3
1782650595,1.43,54.87,49.47,16.00,20.90,0.00,4.61,2,node3,0.4978,3.11,3.20,2749,1329,65,1355,200,51,2495,3
1782650596,1.43,54.87,49.47,16.00,20.90,0.00,4.61,2,node3,0.4978,3.11,3.20,2749,1329,65,1355,200,51,2495,3
1782650597,1.43,54.87,49.41,16.00,20.90,0.00,4.61,2,node3,0.4981,3.11,3.20,2749,1329,65,1355,200,51,2495,3
1782650598,1.43,54.87,49.50,16.00,20.90,0.00,4.61,2,node3,0.4977,3.11,3.20,2749,1329,65,1355,200,51,2495,3
1782650599,1.43,54.87,49.47,16.00,20.90,0.00,4.61,2,node3,0.4978,3.11,3.20,2749,1329,65,1355,200,51,2495,3
1782650600,1.43,54.87,49.50,16.00,20.90,0.00,4.61,2,node3,0.4977,3.11,3.20,2749,1329,65,1355,200,51,2495,3
1782650601,1.43,54.87,49.44,16.00,20.90,0.00,4.61,2,node3,0.4979,3.11,3.20,2749,1329,65,1355,200,51,2495,3
1782650602,1.43,54.87,49.50,16.00,20.90,0.00,4.65,2,node3,0.4977,3.11,3.20,2749,1329,65,1355,200,51,2495,3
1782650603,1.43,54.87,49.47,16.00,20.90,0.00,4.61,2,node3,0.4978,3.11,3.20,2749,1329,65,1355,200,51,2495,3
1782650604,1.43,54.87,49.47,16.00,20.90,0.00,4.61,2,node3,0.4978,3.11,3.20,2749,1329,65,1355,200,51,2495,3
1782650605,1.43,54.87,49.44,16.00,20.90,0.00,4.61,2,node3,0.4979,3.11,3.20,2749,1329,65,1355,200,51,2495,3
1782650606,1.43,54.87,49.47,16.00,20.90,0.00,4.61,2,node3,0.4978,3.11,3.20,2749,1329,65,1355,200,51,2495,3
1782650607,1.43,54.87,49.56,16.00,20.90,0.00,4.61,2,node3,0.4975,3.11,3.20,2749,1329,65,1355,200,51,2495,3
1782650608,1.43,54.87,49.25,16.00,20.90,0.00,4.61,2,node3,0.4986,3.11,3.20,2749,1329,65,1355,200,51,2495,3
1782650609,1.43,54.89,49.34,16.00,20.90,0.00,4.61,2,node3,0.4983,3.11,3.20,2749,1329,65,1355,200,51,2495,3
1782650610,1.43,54.89,49.38,16.00,20.90,0.00,4.61,2,node3,0.4982,3.11,3.20,2749,1329,65,1355,200,51,2495,3
1782650611,1.43,54.89,49.19,16.00,20.90,0.00,4.61,2,node3,0.4989,3.11,3.20,2749,1329,65,1355,200,51,2495,3
1782650612,1.43,54.89,49.19,16.00,20.90,0.00,4.61,2,node3,0.4989,3.11,3.20,2749,1329,65,1355,200,51,2495,3
1782650613,1.43,54.89,49.09,16.00,20.90,0.00,4.61,2,node3,0.4992,3.11,3.20,2749,1329,65,1355,200,51,2495,3
1782650614,1.43,54.89,49.03,16.00,20.90,0.00,4.61,2,node3,0.4995,3.11,3.20,2749,1329,65,1355,200,51,2495,3
1782650615,1.43,54.89,49.00,16.00,20.90,0.00,4.61,2,node3,0.4996,3.11,3.20,2749,1329,65,1355,200,51,2495,3
1782650616,1.43,54.89,49.03,16.00,20.90,0.00,4.61,2,node3,0.4995,3.11,3.20,2749,1329,65,1355,200,51,2495,3
1782650617,1.43,54.89,49.12,16.00,20.90,0.00,4.61,2,node3,0.4991,3.11,3.20,2749,1329,65,1355,200,51,2495,3
1782650618,1.43,54.89,49.09,16.00,20.90,0.00,4.61,2,node3,0.4992,3.11,3.20,2749,1329,65,1355,200,51,2495,3
1782650619,1.43,54.85,49.09,16.00,20.90,0.00,4.61,2,node3,0.4992,3.11,3.20,2749,1329,65,1355,200,51,2495,3
1782650620,1.43,54.85,49.31,16.00,20.90,0.00,4.61,2,node3,0.4984,3.11,3.20,2749,1329,65,1355,200,51,2495,3
1782650621,1.43,54.85,49.34,16.00,20.90,0.00,4.61,2,node3,0.4983,3.11,3.20,2749,1329,65,1355,200,51,2495,3
1782650622,1.43,54.85,49.41,16.00,20.90,0.00,4.61,2,node3,0.4981,3.11,3.20,2749,1329,65,1355,200,51,2495,3
1782650623,1.43,54.85,49.47,16.00,20.90,0.00,4.61,2,node3,0.4978,3.11,3.20,2749,1329,65,1355,200,51,2495,3
1782650624,1.43,54.85,49.53,16.00,20.90,0.00,4.61,2,node3,0.4976,3.11,3.20,2749,1329,65,1355,200,51,2495,3
1782650625,1.43,54.85,49.50,16.00,20.90,0.00,4.61,2,node3,0.4977,3.11,3.20,2749,1329,65,1355,200,51,2495,3
1782650626,1.43,54.85,49.44,16.00,20.90,0.00,4.61,2,node3,0.4979,3.11,3.20,2749,1329,65,1355,200,51,2495,3
1782650627,1.43,54.85,49.50,16.00,20.90,0.00,4.61,2,node3,0.4977,3.11,3.20,2749,1329,65,1355,200,51,2495,3
1782650628,1.43,54.85,49.50,16.00,20.90,0.00,4.61,2,node3,0.4977,3.11,3.20,2749,1329,65,1355,200,51,2495,3
1782650629,1.43,54.85,49.25,16.00,20.90,0.00,4.61,2,node3,0.4986,3.11,3.20,2749,1329,65,1355,200,51,2495,3
1782650630,1.43,54.85,49.28,16.00,20.90,0.00,4.61,2,node3,0.4985,3.11,3.20,2749,1329,65,1355,200,51,2495,3
1782650631,1.43,54.85,49.25,16.00,20.90,0.00,4.61,2,node3,0.4986,3.11,3.20,2749,1329,65,1355,200,51,2495,3
1782650632,1.43,54.85,49.16,16.00,20.90,0.00,4.61,2,node3,0.4990,3.11,3.20,2749,1329,65,1355,200,51,2495,3
1782650633,1.43,55.43,49.72,16.00,20.90,0.00,5.61,2,node3,0.4969,3.11,3.20,2749,1329,65,1355,200,51,2495,3
1782650634,1.43,55.75,49.81,16.00,20.90,0.00,5.81,2,node3,0.4965,3.11,3.20,2749,1329,65,1355,200,51,2495,3
1782650635,1.43,56.01,49.72,16.00,20.90,0.00,5.73,2,node3,0.4969,3.11,3.20,2749,1329,65,1355,200,51,2495,3
1782650636,1.43,56.12,49.91,16.00,20.90,0.00,5.81,2,node3,0.4962,3.11,3.20,2749,1329,65,1355,200,51,2495,3
1782650637,1.44,56.38,49.88,16.00,20.90,0.00,5.77,2,node3,0.4963,3.11,3.20,2749,1329,65,1355,200,51,2495,3
1782650638,1.44,56.66,50.19,16.00,20.90,0.00,5.69,2,node3,0.4951,3.11,3.20,2749,1329,65,1355,200,51,2495,3
1782650639,1.44,54.87,49.72,16.00,20.90,0.00,5.13,2,node3,0.4969,3.11,3.20,2749,1329,65,1355,200,51,2495,3
1782650640,1.44,54.87,49.50,16.00,20.90,0.00,4.65,2,node3,0.4977,3.11,3.20,2749,1329,65,1355,200,51,2495,3
1782650641,1.44,54.87,49.66,16.00,20.90,0.00,4.61,2,node3,0.4971,3.11,3.20,2749,1329,65,1355,200,51,2495,3
1782650642,1.44,54.87,49.59,16.00,20.90,0.00,4.61,2,node3,0.4974,3.11,3.20,2749,1329,65,1355,200,51,2495,3
1782650643,1.44,54.87,49.47,16.00,20.90,0.00,4.61,2,node3,0.4978,3.11,3.20,2749,1329,65,1355,200,51,2495,3
1782650644,1.44,54.87,49.56,16.00,20.90,0.00,4.61,2,node3,0.4975,3.11,3.20,2749,1329,65,1355,200,51,2495,3
1782650645,1.44,54.87,49.44,16.00,20.90,0.00,4.61,2,node3,0.4979,3.11,3.20,2749,1329,65,1355,200,51,2495,3
1782650646,1.44,54.87,49.72,16.00,20.90,0.00,4.61,2,node3,0.4969,3.11,3.20,2749,1329,65,1355,200,51,2495,3
1782650647,1.44,54.87,49.50,16.00,20.90,0.00,4.61,2,node3,0.4977,3.11,3.20,2749,1329,65,1355,200,51,2495,3
1782650648,1.44,54.87,49.72,16.00,20.90,0.00,4.61,2,node3,0.4969,3.11,3.20,2749,1329,65,1355,200,51,2495,3
1782650649,1.44,54.87,49.41,16.00,20.90,0.00,4.61,2,node3,0.4981,3.11,3.20,2749,1329,65,1355,200,51,2495,3
1782650650,1.44,54.87,49.38,16.00,20.90,0.00,4.61,2,node3,0.4982,3.11,3.20,2749,1329,65,1355,200,51,2495,3
1782650651,1.44,54.83,49.44,16.00,20.90,0.00,5.01,2,node3,0.4979,3.11,3.20,2749,1329,65,1355,200,51,2495,3
1782650652,1.44,54.83,49.12,16.00,20.90,0.00,4.65,2,node3,0.4991,3.11,3.20,2749,1329,65,1355,200,51,2495,3
1782650653,1.44,54.83,49.38,16.00,20.90,0.00,4.61,2,node3,0.4982,3.11,3.20,2749,1329,65,1355,200,51,2495,3
1782650654,1.44,54.83,49.16,16.00,20.90,0.00,4.61,2,node3,0.4990,3.11,3.20,2749,1329,65,1355,200,51,2495,3
1782650655,1.44,54.83,49.16,16.00,20.90,0.00,4.61,2,node3,0.4990,3.11,3.20,2749,1329,65,1355,200,51,2495,3
1782650656,1.44,54.83,49.16,16.00,20.90,0.00,4.61,2,node3,0.4990,3.11,3.20,2749,1329,65,1355,200,51,2495,3
1782650657,1.44,54.83,49.09,16.00,20.90,0.00,4.61,2,node3,0.4992,3.11,3.20,2749,1329,65,1355,200,51,2495,3
1782650658,1.44,54.83,49.22,16.00,20.90,0.00,4.61,2,node3,0.4988,3.11,3.20,2749,1329,65,1355,200,51,2495,3
1782650659,1.44,54.83,49.19,16.00,20.90,0.00,4.61,2,node3,0.4989,3.11,3.20,2749,1329,65,1355,200,51,2495,3
1782650660,1.44,54.83,49.19,16.00,20.90,0.00,4.61,2,node3,0.4989,3.11,3.20,2749,1329,65,1355,200,51,2495,3
1782650661,1.44,54.83,49.09,16.00,20.90,0.00,4.61,2,node3,0.4992,3.11,3.20,2749,1329,65,1355,200,51,2495,3
1782650662,1.44,54.83,49.09,16.00,20.90,0.00,4.61,2,node3,0.4992,3.11,3.20,2749,1329,65,1355,200,51,2495,3
1782650663,1.44,54.83,49.44,16.00,20.90,0.00,4.61,2,node3,0.4979,3.11,3.20,2749,1329,65,1355,200,51,2495,3
1782650664,1.44,54.83,49.06,16.00,20.90,0.00,4.61,2,node3,0.4993,3.11,3.20,2749,1329,65,1355,200,51,2495,3
1782650665,1.44,54.83,49.12,16.00,20.90,0.00,4.61,2,node3,0.4991,3.11,3.20,2749,1329,65,1355,200,51,2495,3
1782650666,1.44,54.83,49.00,16.00,20.90,0.00,4.61,2,node3,0.4996,3.11,3.20,2749,1329,65,1355,200,51,2495,3
1782650667,1.44,54.83,49.38,16.00,20.90,0.00,4.61,2,node3,0.4982,3.11,3.20,2749,1329,65,1355,200,51,2495,3
1782650668,1.44,54.83,49.03,16.00,20.90,0.00,4.61,2,node3,0.4995,3.11,3.20,2749,1329,65,1355,200,51,2495,3
1782650669,1.44,54.83,49.38,16.00,20.90,0.00,4.69,2,node3,0.4982,3.11,3.20,2749,1329,65,1355,200,51,2495,3
1782650670,1.44,54.83,49.56,16.00,20.90,0.00,4.65,2,node3,0.4975,3.11,3.20,2749,1329,65,1355,200,51,2495,3
1782650671,1.44,54.83,49.12,16.00,20.90,0.00,4.61,2,node3,0.4991,3.11,3.20,2749,1329,65,1355,200,51,2495,3
1782650672,1.44,54.83,49.09,16.00,20.90,0.00,4.61,2,node3,0.4992,3.11,3.20,2749,1329,65,1355,200,51,2495,3
1782650673,1.44,54.83,49.09,16.00,20.90,0.00,4.61,2,node3,0.4992,3.11,3.20,2749,1329,65,1355,200,51,2495,3
1782650674,1.44,54.83,49.16,16.00,20.90,0.00,4.61,2,node3,0.4990,3.11,3.20,2749,1329,65,1355,200,51,2495,3
1782650675,1.44,54.83,49.25,16.00,20.90,0.00,4.61,2,node3,0.4986,3.11,3.20,2749,1329,65,1355,200,51,2495,3
1782650676,1.44,54.83,49.34,16.00,20.90,0.00,4.61,2,node3,0.4983,3.11,3.20,2749,1329,65,1355,200,51,2495,3
1782650677,1.44,54.83,49.25,16.00,20.90,0.00,4.61,2,node3,0.4986,3.11,3.20,2749,1329,65,1355,200,51,2495,3
1782650678,1.44,54.83,49.25,16.00,20.90,0.00,4.61,2,node3,0.4986,3.11,3.20,2749,1329,65,1355,200,51,2495,3
1782650679,1.44,54.84,49.31,16.00,20.90,0.00,4.61,2,node3,0.4984,3.11,3.20,2749,1329,65,1355,200,51,2495,3
1782650680,1.44,54.84,49.22,16.00,20.90,0.00,4.61,2,node3,0.4988,3.11,3.20,2749,1329,65,1355,200,51,2495,3
1782650681,1.44,54.84,49.34,16.00,20.90,0.00,4.61,2,node3,0.4983,3.11,3.20,2749,1329,65,1355,200,51,2495,3
1782650682,1.44,54.84,49.25,16.00,20.90,0.00,4.61,2,node3,0.4986,3.11,3.20,2749,1329,65,1355,200,51,2495,3
1782650683,1.44,54.84,49.28,16.00,20.90,0.00,4.61,2,node3,0.4985,3.11,3.20,2749,1329,65,1355,200,51,2495,3
1782650684,1.44,54.84,49.19,16.00,20.90,0.00,4.61,2,node3,0.4989,3.11,3.20,2749,1329,65,1355,200,51,2495,3
1782650685,1.44,54.81,49.31,16.00,20.90,0.00,4.61,2,node3,0.4984,3.11,3.20,2749,1329,65,1355,200,51,2495,3
1782650686,1.44,54.81,49.12,16.00,20.90,0.00,4.61,2,node3,0.4991,3.11,3.20,2749,1329,65,1355,200,51,2495,3
1782650687,1.44,54.81,49.25,16.00,20.90,0.00,4.61,2,node3,0.4986,3.11,3.20,2749,1329,65,1355,200,51,2495,3
1782650688,1.44,54.81,49.28,16.00,20.90,0.00,4.61,2,node3,0.4985,3.11,3.20,2749,1329,65,1355,200,51,2495,3
1782650689,1.44,54.81,49.25,16.00,20.90,0.00,4.61,2,node3,0.4986,3.11,3.20,2749,1329,65,1355,200,51,2495,3
1782650690,1.44,54.81,49.28,16.00,20.90,0.00,4.61,2,node3,0.4985,3.11,3.20,2749,1329,65,1355,200,51,2495,3
1782650691,1.44,54.87,49.22,16.00,20.90,0.00,4.61,2,node3,0.4988,3.11,3.20,2749,1329,65,1355,200,51,2495,3
1782650692,1.44,54.87,49.28,16.00,20.90,0.00,4.61,2,node3,0.4985,3.11,3.20,2749,1329,65,1355,200,51,2495,3
1782650693,1.44,54.87,49.25,16.00,20.90,0.00,4.61,2,node3,0.4986,3.11,3.20,2749,1329,65,1355,200,51,2495,3
1782650694,1.44,54.87,49.25,16.00,20.90,0.00,4.61,2,node3,0.4986,3.11,3.20,2749,1329,65,1355,200,51,2495,3
1782650695,1.44,54.87,49.28,16.00,20.90,0.00,4.61,2,node3,0.4985,3.11,3.20,2749,1329,65,1355,200,51,2495,3
1782650696,1.44,54.87,49.25,16.00,20.90,0.00,4.61,2,node3,0.4986,3.11,3.20,2749,1329,65,1355,200,51,2495,3
1782650697,1.44,54.87,49.25,16.00,20.90,0.00,4.61,2,node3,0.4986,3.11,3.20,2749,1329,65,1355,200,51,2495,3
1782650698,1.44,54.87,49.25,16.00,20.90,0.00,4.61,2,node3,0.4986,3.11,3.20,2749,1329,65,1355,200,51,2495,3
1782650699,1.44,54.87,49.41,16.00,20.90,0.00,4.61,2,node3,0.4981,3.11,3.20,2749,1329,65,1355,200,51,2495,3
1782650700,1.44,54.87,49.19,16.00,20.90,0.00,4.61,2,node3,0.4989,3.11,3.20,2749,1329,65,1355,200,51,2495,3
1782650701,1.44,54.80,49.44,16.00,20.90,0.00,4.61,2,node3,0.4979,3.11,3.20,2749,1329,65,1355,200,51,2495,3
1782650702,1.44,54.80,49.09,16.00,20.90,0.00,4.61,2,node3,0.4992,3.11,3.20,2749,1329,65,1355,200,51,2495,3
1782650703,1.44,54.81,49.22,16.00,20.90,0.00,4.61,2,node3,0.4988,3.11,3.20,2749,1329,65,1355,200,51,2495,3
